"Query","Match","HMDB","PubChem","ChEBI","KEGG","METLIN","SMILES","Comment"
"s-1-pyrroline-5-carboxylate","NA","NA","NA","NA","NA","NA","NA","0"
"spermidine","Spermidine","HMDB0001257","1102","16610","C00315","254","NCCCCNCCCN","1"
"1-methylnicotinamide","1-Methylnicotinamide","HMDB0000699","457","16797","C02918","5667","C[N+]1=CC=CC(=C1)C(N)=O","1"
"12,13-dihome","12,13-DHOME","HMDB0004705","25320870","72665","C14829",NA,"CCCCC[C@H](O)[C@@H](O)C\C=C/CCCCCCCC(O)=O","1"
"5-hydroxyindoleacetate","5-Hydroxyindoleacetic acid","HMDB0000763","1826","27823","C05635","2975","OC(=O)CC1=CNC2=C1C=C(O)C=C2","1"
"alpha-ketoglutarate","Oxoglutaric acid","HMDB0000208","51","30915","C00026","5218","OC(=O)CCC(=O)C(O)=O","1"
"kynurenate","Kynurenic acid","HMDB0000715","3845","18344","C01717","5683","OC(=O)C1=CC(=O)C2=CC=CC=C2N1","1"
"3-hydroxyisobutyrate","(S)-3-Hydroxyisobutyric acid","HMDB0000023","440873","37373","C06001","483","C[C@@H](CO)C(O)=O","1"
"3-hydroxy-3-methylglutarate","3-Hydroxymethylglutaric acid","HMDB0000355","1662","16831","C03761","5344","CC(O)(CC(O)=O)CC(O)=O","1"
"homovanillate (hva)","NA","NA","NA","NA","NA","NA","NA","0"
"3-phosphoglycerate","3-Phosphoglyceric acid","HMDB0000807","724","17050","C00597","150","OC(COP(O)(O)=O)C(O)=O","1"
"cholate","Cholic acid","HMDB0000619","221493","16359","C00695","206","C[C@H](CCC(O)=O)[C@H]1CC[C@H]2[C@@H]3[C@H](O)C[C@@H]4C[C@H](O)CC[C@]4(C)[C@H]3C[C@H](O)[C@]12C","1"
"4-hydroxyphenylacetate","p-Hydroxyphenylacetic acid","HMDB0000020","127","18101","C00642","130","OC(=O)CC1=CC=C(O)C=C1","1"
"5,6-dihydrothymine","5,6-dihydrothymine","HMDB0304210",NA,"27468","C00906",NA,"CC1CNC(=O)NC1=O","1"
"hypoxanthine","Hypoxanthine","HMDB0000157","790","17368","C00262","83","OC1=NC=NC2=C1NC=N2","1"
"9,10-dihome","9,10-DHOME","HMDB0004704","25320862","72663","C14828",NA,"CCCCC\C=C/C[C@@H](O)[C@H](O)CCCCCCCC(O)=O","1"
"linoleate (18:2n6)","NA","NA","NA","NA","NA","NA","NA","0"
"laurate (12:0)","NA","NA","NA","NA","NA","NA","NA","0"
"quinolinate","Quinolinic acid","HMDB0000232","1066","16675","C03722","330","OC(=O)C1=CC=CN=C1C(O)=O","1"
"n6,n6,n6-trimethyllysine","NA","NA","NA","NA","NA","NA","NA","0"
"n-acetylputrescine","N-Acetylputrescine","HMDB0002064","122356","17768","C02714","3252","CC(=O)NCCCCN","1"
"n-formylmethionine","N-Formyl-L-methionine","HMDB0001015","439750","16552","C03145","5945","CSCC[C@H](NC=O)C(O)=O","1"
"s-adenosylhomocysteine (sah)","NA","NA","NA","NA","NA","NA","NA","0"
"adenosine 3',5'-cyclic monophosphate (camp)","NA","NA","NA","NA","NA","NA","NA","0"
"adenosine 5'-monophosphate (amp)","NA","NA","NA","NA","NA","NA","NA","0"
"5-methylthioadenosine (mta)","NA","NA","NA","NA","NA","NA","NA","0"
"arachidonate (20:4n6)","NA","NA","NA","NA","NA","NA","NA","0"
"arginine","L-Arginine","HMDB0000517","6322","16467","C00062","5502","N[C@@H](CCCNC(N)=N)C(O)=O","1"
"aspartate","L-Aspartic acid","HMDB0000191","5960","17053","C00049","5206","N[C@@H](CC(O)=O)C(O)=O","1"
"2-hydroxyphenylacetate","ortho-Hydroxyphenylacetic acid","HMDB0000669","11970","28478","C05852","5639","OC(=O)CC1=C(O)C=CC=C1","1"
"3-(4-hydroxyphenyl)lactate","Hydroxyphenyllactic acid","HMDB0000755","9378","17385","C03672","5723","OC(CC1=CC=C(O)C=C1)C(O)=O","1"
"phenylpyruvate","Phenylpyruvic acid","HMDB0000205","997","30851","C00166","328","OC(=O)C(=O)CC1=CC=CC=C1","1"
"beta-alanine","beta-Alanine","HMDB0000056","239","16958","C00099","5119","NCCC(O)=O","1"
"carnosine","Carnosine","HMDB0000033","439224","15727","C00386","38","NCCC(=O)N[C@@H](CC1=CN=CN1)C(O)=O","1"
"biliverdin","Biliverdin","HMDB0001008","5353439","17033","C00500","5938","CC1=C(C=C)\C(NC1=O)=C\C1=C(C)C(CCC(O)=O)=C(N1)\C=C1/N=C(/C=C2\NC(=O)C(C=C)=C2C)C(C)=C1CCC(O)=O","1"
"succinate","Succinic acid","HMDB0000254","1110","15741","C00042","114","OC(=O)CCC(O)=O","1"
"3-hydroxybutyrate (bhba)","NA","NA","NA","NA","NA","NA","NA","0"
"cholesterol","Cholesterol","HMDB0000067","5997","16113","C00187","163","[H][C@@]1(CC[C@@]2([H])[C@]3([H])CC=C4C[C@@H](O)CC[C@]4(C)[C@@]3([H])CC[C@]12C)[C@H](C)CCCC(C)C","1"
"choline phosphate","Phosphorylcholine","HMDB0001565","1014","18132","C00588","6326","C[N+](C)(C)CCOP(O)(O)=O","1"
"corticosterone","Corticosterone","HMDB0001547","5753","16827","C02140","6314","[H][C@@]1(CC[C@@]2([H])[C@]3([H])CCC4=CC(=O)CC[C@]4(C)[C@@]3([H])[C@@]([H])(O)C[C@]12C)C(=O)CO","1"
"cortisone","Cortisone","HMDB0002802","222786","16962","C00762","271","[H][C@@]12CC[C@](O)(C(=O)CO)[C@@]1(C)CC(=O)[C@@]1([H])[C@@]2([H])CCC2=CC(=O)CC[C@]12C","1"
"creatinine","Creatinine","HMDB0000562","588","16737","C00791","8","CN1CC(=O)NC1=N","1"
"cysteinylglycine","Cysteinylglycine","HMDB0000078","439498","4047","C01419","5134","N[C@@H](CS)C(=O)NCC(O)=O","1"
"cystine","Cystine","HMDB0250712","595","17376","C01420",NA,"NC(CSSCC(N)C(O)=O)C(O)=O","1"
"sphingosine","Sphingosine","HMDB0000252","5280335","16393","C00319","392","CCCCCCCCCCCCC\C=C\[C@@H](O)[C@@H](N)CO","1"
"deoxycholate","Deoxycholic acid","HMDB0000626","222528","28834","C04483","265","[H][C@@]1(CC[C@@]2([H])[C@]3([H])CC[C@]4([H])C[C@H](O)CC[C@]4(C)[C@@]3([H])C[C@H](O)[C@]12C)[C@H](C)CCC(O)=O","1"
"cystathionine","L-Cystathionine","HMDB0000099","439258","17482","C02291","39","N[C@@H](CCSC[C@H](N)C(O)=O)C(O)=O","1"
"sphinganine","Sphinganine","HMDB0000269","91486","16566","C00836","5268","CCCCCCCCCCCCCCC[C@@H](O)[C@@H](N)CO","1"
"flavin adenine dinucleotide (fad)","NA","NA","NA","NA","NA","NA","NA","0"
"fumarate","Fumaric acid","HMDB0000134","444972","18012","C00122","3242","OC(=O)\C=C\C(O)=O","1"
"gamma-glutamylglutamate","gamma-Glutamylglutamic acid","HMDB0011737","92865","73705","C05282",NA,"N[C@@H](CCC(=O)N[C@@H](CCC(O)=O)C(O)=O)C(O)=O","1"
"gluconate","Gluconic acid","HMDB0000625","10690","33198","C00257","345","OC[C@@H](O)[C@@H](O)[C@H](O)[C@@H](O)C(O)=O","1"
"glutarate (c5-dc)","NA","NA","NA","NA","NA","NA","NA","0"
"glycine","Glycine","HMDB0000123","750","15428","C00037","20","NCC(O)=O","1"
"glycocholate","Glycocholic acid","HMDB0000138","10140","17687","C01921","5169","C[C@H](CCC(O)=NCC(O)=O)[C@H]1CC[C@H]2[C@@H]3[C@H](O)C[C@@H]4C[C@H](O)CC[C@]4(C)[C@H]3C[C@H](O)[C@]12C","1"
"guanidinoacetate","Guanidoacetic acid","HMDB0000128","763","16344","C00581","5163","NC(=N)NCC(O)=O","1"
"histidine","Histidine","HMDB0000177","6274","15971","C00135","21","N[C@@H](CC1=CN=CN1)C(O)=O","1"
"cortisol","Cortisol","HMDB0000063","5754","17650","C00735","5124","[H][C@@]12CC[C@](O)(C(=O)CO)[C@@]1(C)C[C@H](O)[C@@]1([H])[C@@]2([H])CCC2=CC(=O)CC[C@]12C","1"
"hypotaurine","Hypotaurine","HMDB0000965","107812","16668","C00519","281","NCCS(O)=O","1"
"inosine","Inosine","HMDB0000195","6021","17596","C00294","84","OC[C@H]1O[C@H]([C@H](O)[C@@H]1O)N1C=NC2=C(O)N=CN=C12","1"
"myo-inositol","myo-Inositol","HMDB0000211",NA,"17268","C00137","5221","O[C@H]1[C@H](O)[C@@H](O)[C@H](O)[C@H](O)[C@@H]1O","1"
"isoleucine","Isoleucine","HMDB0000172","6306","17191","C00407","5193","CC[C@H](C)[C@H](N)C(O)=O","1"
"2-aminoadipate","Aminoadipic acid","HMDB0000510","92136","37023","C00956","5496","N[C@@H](CCCC(O)=O)C(O)=O","1"
"citrulline","Citrulline","HMDB0000904","9750","16349","C00327","16","N[C@@H](CCCNC(N)=O)C(O)=O","1"
"leucine","Leucine","HMDB0000687","6106","15603","C00123","24","CC(C)C[C@H](N)C(O)=O","1"
"lysine","Lysine","HMDB0000182","5962","18019","C00047","5200","NCCCC[C@H](N)C(O)=O","1"
"malate","Malic acid","HMDB0000156","222656","30797","C00149",NA,"O[C@@H](CC(O)=O)C(O)=O","1"
"methionine","Methionine","HMDB0000696","6137","16643","C00073","5664","CSCC[C@H](N)C(O)=O","1"
"palmitate (16:0)","NA","NA","NA","NA","NA","NA","NA","0"
"nicotinamide","Niacinamide","HMDB0001406","936","17154","C00153","1497","NC(=O)C1=CC=CN=C1","1"
"stearate (18:0)","NA","NA","NA","NA","NA","NA","NA","0"
"ornithine","Ornithine","HMDB0000214","6262","15729","C00077","27","NCCC[C@H](N)C(O)=O","1"
"orotate","Orotic acid","HMDB0000226","967","16742","C00295","318","OC(=O)C1=CC(=O)NC(=O)N1","1"
"palmitoleate (16:1n7)","NA","NA","NA","NA","NA","NA","NA","0"
"phenylalanine","Phenylalanine","HMDB0000159","6140","17295","C00079","28","N[C@@H](CC1=CC=CC=C1)C(O)=O","1"
"phosphate","Phosphate","HMDB0001429","1004","26078","C00009","3231","OP(O)(O)=O","1"
"proline","Proline","HMDB0000162","145742","17203","C00148","29","OC(=O)[C@@H]1CCCN1","1"
"lactate","Lactic acid","HMDB0000190","107689","422","C00186","5205","C[C@H](O)C(O)=O","1"
"pyridoxal","Pyridoxal","HMDB0001545","1050","17310","C00250","6312","CC1=NC=C(CO)C(C=O)=C1O","1"
"retinol (vitamin a)","NA","NA","NA","NA","NA","NA","NA","0"
"salicylate","Salicyluric acid","HMDB0000840","10253","9008","C07588","617","OC(=O)CNC(=O)C1=C(O)C=CC=C1","1"
"serine","Serine","HMDB0000187","5951","17115","C00065","5203","N[C@@H](CO)C(O)=O","1"
"serotonin","Serotonin","HMDB0000259","5202","28790","C00780","74","NCCC1=CNC2=C1C=C(O)C=C2","1"
"taurine","Taurine","HMDB0000251","1123","15891","C00245","31","NCCS(O)(=O)=O","1"
"myristate (14:0)","NA","NA","NA","NA","NA","NA","NA","0"
"urea","Urea","HMDB0000294","1176","16199","C00086","6","NC(N)=O","1"
"uridine","Uridine","HMDB0000296","6029","16704","C00299","90","OC[C@H]1O[C@H]([C@H](O)[C@@H]1O)N1C=CC(=O)NC1=O","1"
"trans-urocanate","Trans-urocanate","HMDB0062562","1178","27248",NA,NA,"OC(=O)C=CC1=CN=CN1","1"
"glutamate","Glutamic acid","HMDB0000148","33032","16015","C00025","5174","N[C@@H](CCC(O)=O)C(O)=O","1"
"glutamine","Glutamine","HMDB0000641","5961","18050","C00064","5614","N[C@@H](CCC(N)=O)C(O)=O","1"
"threonine","L-Threonine","HMDB0000167","6288","16857","C00188","32","C[C@@H](O)[C@H](N)C(O)=O","1"
"tryptophan","L-Tryptophan","HMDB0000929","6305","16828","C00078","5879","N[C@@H](CC1=CNC2=C1C=CC=C2)C(O)=O","1"
"valine","L-Valine","HMDB0000883","6287","16414","C00183","5842","CC(C)[C@H](N)C(O)=O","1"
"glucose","D-Glucose","HMDB0000122","5793","15903","C00031","133","OC[C@H]1O[C@@H](O)[C@H](O)[C@@H](O)[C@@H]1O","1"
"alpha-ketobutyrate","2-Ketobutyric acid","HMDB0000005","58","30831","C00109",NA,"CCC(=O)C(O)=O","1"
"adenosine","Adenosine","HMDB0000050","60961","16335","C00212","86","NC1=C2N=CN([C@@H]3O[C@H](CO)[C@@H](O)[C@H]3O)C2=NC=N1","1"
"betaine","Betaine","HMDB0000043","247","41139","C00719","287","C[N+](C)(C)CC(O)=O","1"
"cysteine","L-Cysteine","HMDB0000574","5862","17561","C00097","5556","N[C@@H](CS)C(O)=O","1"
"mannose","D-Mannose","HMDB0000169","185698","28729","C00159",NA,"OC[C@H]1O[C@H](O)[C@@H](O)[C@@H](O)[C@@H]1O","1"
"dimethylglycine","Dimethylglycine","HMDB0000092","673","17724","C01026","277","CN(C)CC(O)=O","1"
"alanine","Alanine",NA,NA,NA,"C01401",NA,NA,"1"
"tyrosine","L-Tyrosine","HMDB0000158","6057","17895","C00082","34","N[C@@H](CC1=CC=C(O)C=C1)C(O)=O","1"
"pseudouridine","Pseudouridine","HMDB0000767","15047","17802","C02067","5734","OC[C@H]1O[C@H]([C@H](O)[C@@H]1O)C1=CNC(=O)NC1=O","1"
"pyruvate","Pyruvic acid","HMDB0000243","1060","32816","C00022","117","CC(=O)C(O)=O","1"
"uracil","Uracil","HMDB0000300","1174","17568","C00106","258","O=C1NC=CC(=O)N1","1"
"cytidine","Cytidine","HMDB0000089","6175","17562","C00475","3376","NC1=NC(=O)N(C=C1)[C@@H]1O[C@H](CO)[C@@H](O)[C@H]1O","1"
"caffeine","Caffeine","HMDB0001847","2519","27732","C07481","1455","CN1C=NC2=C1C(=O)N(C)C(=O)N2C","1"
"fructose","D-Fructose","HMDB0000660","439709","28645","C00095","135","OC[C@H]1O[C@](O)(CO)[C@@H](O)[C@@H]1O","1"
"adenine","Adenine","HMDB0000034","190","16708","C00147","85","NC1=C2NC=NC2=NC=N1","1"
"cytosine","Cytosine","HMDB0000630","597","16040","C00380","283","NC1=CC=NC(=O)N1","1"
"caprate (10:0)","NA","NA","NA","NA","NA","NA","NA","0"
"margarate (17:0)","NA","NA","NA","NA","NA","NA","NA","0"
"nonadecanoate (19:0)","NA","NA","NA","NA","NA","NA","NA","0"
"arachidate (20:0)","NA","NA","NA","NA","NA","NA","NA","0"
"maltose","D-Maltose","HMDB0000163","10991489","47937","C00208","413","OC[C@H]1O[C@H](O[C@H]2[C@H](O)[C@H](O)[C@@H](O)O[C@@H]2CO)[C@H](O)[C@@H](O)[C@@H]1O","1"
"asparagine","L-Asparagine","HMDB0000168","6267","17196","C00152","14","N[C@@H](CC(N)=O)C(O)=O","1"
"n-stearoyl-sphinganine (d18:0/18:0)","NA","NA","NA","NA","NA","NA","NA","0"
"dihydroorotate","4,5-Dihydroorotic acid","HMDB0000528","648","30865","C00337","5513","OC(=O)C1CC(=O)NC(=O)N1","1"
"caproate (6:0)","NA","NA","NA","NA","NA","NA","NA","0"
"caprylate (8:0)","NA","NA","NA","NA","NA","NA","NA","0"
"pentadecanoate (15:0)","NA","NA","NA","NA","NA","NA","NA","0"
"trans-4-hydroxyproline","4-Hydroxyproline","HMDB0000725","5810","18095","C01157","257","O[C@H]1CN[C@@H](C1)C(O)=O","1"
"allantoin","Allantoin","HMDB0000462","204","15676","C02350","89","NC(=O)NC1NC(=O)NC1=O","1"
"xanthine","Xanthine","HMDB0000292","1188","17712","C00385","82","O=C1NC2=C(NC=N2)C(=O)N1","1"
"5-oxoproline","Pyroglutamic acid","HMDB0000267","7405","18183","C01879","3251","OC(=O)[C@@H]1CCC(=O)N1","1"
"picolinate","Picolinic acid","HMDB0002243","1018","28747","C10164",NA,"OC(=O)C1=CC=CC=N1","1"
"sarcosine","Sarcosine","HMDB0000271","1088","15611","C00213","51","CNCC(O)=O","1"
"pantothenate","Pantothenic acid","HMDB0000210","6613","46905","C00864",NA,"CC(C)(CO)[C@@H](O)C(=O)NCCC(O)=O","1"
"pipecolate","Pipecolic acid","HMDB0000070","849","17964","C00408","50","OC(=O)C1CCCCN1","1"
"phosphoethanolamine","O-Phosphoethanolamine","HMDB0000224","1015","17553","C00346","5233","NCCOP(O)(O)=O","1"
"glycerate","Glyceric acid","HMDB0000139","439194","32398","C00258","280","OC[C@@H](O)C(O)=O","1"
"3-ureidopropionate","Ureidopropionic acid","HMDB0000026","111","18261","C02642","5097","NC(=O)NCCC(O)=O","1"
"n-acetylleucine","N-Acetyl-Leu","HMDB0011756","70912","17786","C02710",NA,"CC(C)C[C@H](NC(C)=O)C(O)=O","1"
"n-acetylmethionine","N-Acetyl-L-methionine","HMDB0011745","448580","21557","C02712",NA,"CSCC[C@H](NC(C)=O)C(O)=O","1"
"n-acetylvaline","N-Acetylvaline","HMDB0011757","66789","21565",NA,NA,"CC(C)[C@H](NC(C)=O)C(O)=O","1"
"erucate (22:1n9)","NA","NA","NA","NA","NA","NA","NA","0"
"bilirubin (z,z)","NA","NA","NA","NA","NA","NA","NA","0"
"thyroxine","Thyroxine","HMDB0000248","5819","18332","C01829","439","N[C@@H](CC1=CC(I)=C(OC2=CC(I)=C(O)C(I)=C2)C(I)=C1)C(O)=O","1"
"gamma-glutamyltyrosine","gamma-Glutamyltyrosine","HMDB0011741","94340","82969",NA,NA,"N[C@@H](CCC(=O)N[C@@H](CC1=CC=C(O)C=C1)C(O)=O)C(O)=O","1"
"methyl indole-3-acetate","Indole-3-methyl acetate","HMDB0029738","74706","72782",NA,NA,"COC(=O)CC1=CNC2=C1C=CC=C2","1"
"alpha-tocopherol","alpha-Tocopherol","HMDB0001893","14985","18145","C02477","6376","CC(C)CCC[C@@H](C)CCC[C@@H](C)CCC[C@]1(C)CCC2=C(C)C(O)=C(C)C(C)=C2O1","1"
"n-acetylalanine","N-Acetyl-L-alanine","HMDB0000766","88064","40992",NA,"5733","C[C@H](NC(C)=O)C(O)=O","1"
"vanillylmandelate (vma)","NA","NA","NA","NA","NA","NA","NA","0"
"4-acetamidobutanoate","4-Acetamidobutanoic acid","HMDB0003681","18189","17645","C02946",NA,"CC(=O)NCCCC(O)=O","1"
"3-aminoisobutyrate","3-Aminoisobutanoic acid","HMDB0003911","64956","27389","C05145","5472","CC(CN)C(O)=O","1"
"citrate","Citric acid","HMDB0000094","311","30769","C00158","124","OC(=O)CC(O)(CC(O)=O)C(O)=O","1"
"2-aminobutyrate","L-alpha-Aminobutyric acid","HMDB0000452","80283","35619","C02356","12","CC[C@H](N)C(O)=O","1"
"urate","Uric acid","HMDB0000289","1175","17775","C00366","88","O=C1NC2=C(N1)C(=O)NC(=O)N2","1"
"ursodeoxycholate","Ursodeoxycholic acid","HMDB0000946","31401","9907","C07880","5893","[H][C@@]1(CC[C@@]2([H])[C@]3([H])[C@@H](O)C[C@]4([H])C[C@H](O)CC[C@]4(C)[C@@]3([H])CC[C@]12C)[C@H](C)CCC(O)=O","1"
"oleoyl ethanolamide","Oleoylethanolamide","HMDB0002088","5283454","71466",NA,NA,"CCCCCCCC\C=C/CCCCCCCC(=O)NCCO","1"
"gamma-glutamylglutamine","N2-gamma-Glutamylglutamine","HMDB0011738","150914","73707","C05283",NA,"N[C@@H](CCC(=O)N[C@@H](CCC(N)=O)C(O)=O)C(O)=O","1"
"4-hydroxyphenylpyruvate","4-Hydroxyphenylpyruvic acid","HMDB0000707","979","15999","C01179","5675","OC(=O)C(=O)CC1=CC=C(O)C=C1","1"
"butyrate/isobutyrate (4:0)","NA","NA","NA","NA","NA","NA","NA","0"
"tigloylglycine","NA","NA","NA","NA","NA","NA","NA","0"
"n-acetylneuraminate","N-Acetylneuraminate",NA,"3568","17012","C00270",NA,NA,"1"
"n-acetylglucosaminylasparagine","Aspartylglycosamine","HMDB0000489","123826","17261","C04540","5476","CC(=O)N[C@@H]1[C@@H](O)[C@H](O)[C@@H](CO)O[C@H]1NC(=O)C[C@H](N)C(O)=O","1"
"acetoacetate","acetoacetate","HMDB0304256","6971017","13705",NA,NA,"CC(=O)CC([O-])=O","1"
"creatine","Creatine","HMDB0000064","586","16919","C00300","7","CN(CC(O)=O)C(N)=N","1"
"cys-gly, oxidized","((2-Amino-3-((2-amino-3-((carboxymethyl)amino)-3-oxopropyl)dithio)propanoyl)amino)acetic acid","HMDB0242125",NA,"133040",NA,NA,"NC(CSSCC(N)C(O)=NCC(O)=O)C(O)=NCC(O)=O","1"
"estrone 3-sulfate","Estrone sulfate","HMDB0001425","3001028","17474","C02538","3556","C[C@]12CC[C@H]3[C@@H](CCC4=C3C=CC(OS(O)(=O)=O)=C4)[C@@H]1CCC2=O","1"
"dihomo-linoleate (20:2n6)","Eicosadienoic acid","HMDB0005060","6439848","73731","C16525",NA,"CCCCC\C=C/C\C=C/CCCCCCCCCC(O)=O","1"
"gamma-glutamylhistidine","gamma-Glutamylhistidine","HMDB0029151","7017195","133032",NA,NA,"N[C@@H](CCC(=O)N[C@@H](CC1=CNC=N1)C(O)=O)C(O)=O","1"
"2-hydroxystearate","2-Hydroxystearic acid","HMDB0062549","439887","18129","C03045",NA,"CCCCCCCCCCCCCCCC[C@H](O)C(O)=O","1"
"n1-methyladenosine","1-Methyladenosine","HMDB0003331","27476","16020","C02494","6888","CN1C=NC2=C(N=CN2[C@@H]2O[C@H](CO)[C@@H](O)[C@H]2O)C1=N","1"
"glycerol","Glycerol","HMDB0000131","753","17754","C00116","105","OCC(O)CO","1"
"choline","Choline","HMDB0000097","305","15354","C00114","56","C[N+](C)(C)CCO","1"
"gamma-glutamylleucine","gamma-Glutamylleucine","HMDB0011171","151023","68433",NA,NA,"CC(C)C[C@H](NC(=O)CC[C@H](N)C(O)=O)C(O)=O","1"
"3-methoxytyrosine","3-Methoxytyrosine","HMDB0001434","1670",NA,NA,NA,"COC1=C(O)C=CC(CC(N)C(O)=O)=C1","1"
"4-acetamidophenol","Acetaminophen","HMDB0001859","1983","46195","C06804","6353","CC(=O)NC1=CC=C(O)C=C1","1"
"beta-hydroxyisovalerate","3-Hydroxyisovaleric acid","HMDB0000754","69362","37084","C20827","5722","CC(C)(O)CC(O)=O","1"
"arachidonoyl ethanolamide","Anandamide","HMDB0004080","5281969","2700","C11695",NA,"CCCCC\C=C/C\C=C/C\C=C/C\C=C/CCCC(=O)NCCO","1"
"palmitoyl ethanolamide","Palmitoylethanolamide","HMDB0002100","4671","71464","C16512",NA,"CCCCCCCCCCCCCCCC(=O)NCCO","1"
"n-palmitoyl-sphingosine (d18:1/16:0)","NA","NA","NA","NA","NA","NA","NA","0"
"1-palmitoyl-2-oleoyl-gpe (16:0/18:1)","NA","NA","NA","NA","NA","NA","NA","0"
"1-palmitoyl-2-linoleoyl-gpi (16:0/18:2)","NA","NA","NA","NA","NA","NA","NA","0"
"1-palmitoyl-2-linoleoyl-gpc (16:0/18:2)","PC(16:0/18:2(9Z,12Z))","HMDB0007973","5287971","73002","C00157",NA,"[H][C@@](COC(=O)CCCCCCCCCCCCCCC)(COP([O-])(=O)OCC[N+](C)(C)C)OC(=O)CCCCCCC\C=C/C\C=C/CCCCC","1"
"stearoyl sphingomyelin (d18:1/18:0)","NA","NA","NA","NA","NA","NA","NA","0"
"1-palmitoyl-2-oleoyl-gpc (16:0/18:1)","PC(16:0/18:1(9Z))","HMDB0007972","5497103","73001","C00157",NA,"[H][C@@](COC(=O)CCCCCCCCCCCCCCC)(COP([O-])(=O)OCC[N+](C)(C)C)OC(=O)CCCCCCC\C=C/CCCCCCCC","1"
"n-stearoyl-sphingosine (d18:1/18:0)","NA","NA","NA","NA","NA","NA","NA","0"
"glycochenodeoxycholate","Chenodeoxycholic acid glycine conjugate","HMDB0000637","12544","36274","C05466","5610","[H][C@@]1(CC[C@@]2([H])[C@]3([H])[C@H](O)C[C@]4([H])C[C@H](O)CC[C@]4(C)[C@@]3([H])CC[C@]12C)[C@H](C)CCC(=O)NCC(O)=O","1"
"taurochenodeoxycholate","Tetrahydrocortisol","HMDB0000949","387316","16525","C05472","5897","C[C@]12C[C@H](O)C3C(CCC4C[C@H](O)CC[C@]34C)C1CC[C@]2(O)C(=O)CO","1"
"taurocholate","Taurocholic acid","HMDB0000036","6675","28865","C05122","5104","[H][C@@]1(CC[C@@]2([H])[C@]3([H])[C@H](O)C[C@]4([H])C[C@H](O)CC[C@]4(C)[C@@]3([H])C[C@H](O)[C@]12C)[C@H](C)CCC(=O)NCCS(O)(=O)=O","1"
"taurodeoxycholate","Taurodeoxycholic acid","HMDB0000896","2733768","9410","C05463","5853","[H][C@@]1(CC[C@@]2([H])[C@]3([H])CC[C@]4([H])C[C@H](O)CC[C@]4(C)[C@@]3([H])C[C@H](O)[C@]12C)[C@H](C)CCC(=O)NCCS(O)(=O)=O","1"
"2-hydroxyhippurate (salicylurate)","NA","NA","NA","NA","NA","NA","NA","0"
"3-(n-acetyl-l-cystein-s-yl) acetaminophen","NA","NA","NA","NA","NA","NA","NA","0"
"4-acetaminophen sulfate","Paracetamol sulfate","HMDB0059911","83939","32635",NA,NA,"CC(=O)NC1=CC=C(OS(O)(=O)=O)C=C1","1"
"eicosapentaenoate (epa; 20:5n3)","NA","NA","NA","NA","NA","NA","NA","0"
"methylsuccinate","Methylsuccinic acid","HMDB0001844","6950476","91316","C08645","6344","C[C@@H](CC(O)=O)C(O)=O","1"
"ethylmalonate","Ethylmalonic acid","HMDB0000622","11756","741548",NA,"4180","CCC(C(O)=O)C(O)=O","1"
"carnitine","L-Carnitine","HMDB0000062","10917","16347","C00487","52","C[N+](C)(C)C[C@H](O)CC(O)=O","1"
"benzoate","benzoate","HMDB0304270","242","16150",NA,NA,"[O-]C(=O)C1=CC=CC=C1","1"
"3-phenylpropionate (hydrocinnamate)","NA","NA","NA","NA","NA","NA","NA","0"
"hippurate","Hippuric acid","HMDB0000714","464","18089","C01586","1301","OC(=O)CNC(=O)C1=CC=CC=C1","1"
"xanthurenate","Xanthurenic acid","HMDB0000881","5699","10072","C02470","5841","OC(=O)C1=NC2=C(O)C=CC=C2C(O)=C1","1"
"suberate (c8-dc)","NA","NA","NA","NA","NA","NA","NA","0"
"3-methyl-2-oxovalerate","NA","NA","NA","NA","NA","NA","NA","0"
"methionine sulfoxide","Methionine sulfoxide","HMDB0002005","158980","17016","C02989","6428","CS(=O)CC[C@H](N)C(O)=O","1"
"3-methylhistidine","Methylhistidine","HMDB0000479","64969","27596","C01152","5466","[H][C@](N)(CC1=CN=CN1C)C(O)=O","1"
"4-acetamidophenylglucuronide","NA","NA","NA","NA","NA","NA","NA","0"
"5-hydroxylysine","5-Hydroxylysine","HMDB0000450","3032849","18040","C16741","5439","NC[C@H](O)CC[C@H](N)C(O)=O","1"
"4-guanidinobutanoate","4-Guanidinobutanoic acid","HMDB0003464","500","15728","C01035","6938","NC(=N)NCCCC(O)=O","1"
"glucuronate","D-Glucuronic acid","HMDB0000127","444791","42717","C00191","161","O[C@H]1O[C@@H]([C@@H](O)[C@H](O)[C@H]1O)C(O)=O","1"
"glycerol 3-phosphate","Glycerol 3-phosphate","HMDB0000126","439162","15978","C00093","5161","OC[C@@H](O)COP(O)(O)=O","1"
"imidazole lactate","Imidazole lactate","METPA0616",NA,"24773","C05568",NA,NA,"1"
"kynurenine","Kynurenine","HMDB0000684","161166","16946","C00328","72","N[C@@H](CC(=O)C1=CC=CC=C1N)C(O)=O","1"
"glycerophosphorylcholine (gpc)","NA","NA","NA","NA","NA","NA","NA","0"
"maltotriose","Maltotriose","HMDB0001262","439586","140999","C01835","3585","OC[C@H]1O[C@H](O[C@H]2[C@H](O)[C@@H](O)[C@@H](O[C@H]3[C@H](O)[C@@H](O)C(O)O[C@@H]3CO)O[C@@H]2CO)[C@H](O)[C@@H](O)[C@@H]1O","1"
"n-acetylglutamate","N-Acetyl-L-glutamic acid","HMDB0001138","70914","17533","C00624","6031","CC(=O)N[C@@H](CCC(O)=O)C(O)=O","1"
"n-alpha-acetylornithine","N2-Acetylornithine","HMDB0003357","439232","16543","C00437",NA,"CC(=O)N[C@@H](CCCN)C(O)=O","1"
"tartarate","Tartaric acid","HMDB0000956","444305","15671","C00898",NA,"O[C@H]([C@@H](O)C(O)=O)C(O)=O","1"
"xanthosine","Xanthosine","HMDB0000299","64959","18107","C01762","3408","OC[C@H]1O[C@H]([C@H](O)[C@@H]1O)N1C=NC2=C1N=C(O)N=C2O","1"
"ribitol","Ribitol","HMDB0000508",NA,"15963","C00474","316","OC[C@H](O)[C@H](O)[C@H](O)CO","1"
"glycodeoxycholate","Deoxycholic acid glycine conjugate","HMDB0000631","22833539","27471","C05464 ","5604","[H][C@]12CCC3C4CC[C@H]([C@H](C)CCC(=O)NCC(O)=O)[C@@]4(C)[C@@H](O)CC3[C@@]1(C)CC[C@@H](O)C2","1"
"theophylline","Theophylline","HMDB0001889","2153","28177","C07130","1458","CN1C2=C(NC=N2)C(=O)N(C)C1=O","1"
"quinate","Quinic acid","HMDB0003072","6508","17521","C00296","3329","O[C@@H]1C[C@@](O)(C[C@@H](O)[C@H]1O)C(O)=O","1"
"theobromine","Theobromine","HMDB0002825","5429","28946","C07480","1456","CN1C=NC2=C1C(O)=NC(=O)N2C","1"
"paraxanthine","Paraxanthine","HMDB0001860","4687","25858","C13747","1457","CN1C=NC2=C1C(=O)N(C)C(=O)N2","1"
"indolelactate","Indolelactic acid","HMDB0000671","676157","24813","C02043","5641","O[C@@H](CC1=CNC2=C1C=CC=C2)C(O)=O","1"
"3-indoxyl sulfate","Indoxyl sulfate","HMDB0000682","10258","43355",NA,"524","OS(=O)(=O)OC1=CNC2=CC=CC=C12","1"
"gamma-glutamylphenylalanine","gamma-Glutamylphenylalanine","HMDB0000594","111299","89582",NA,"5573","N[C@@H](CCC(=O)N[C@@H](CC1=CC=CC=C1)C(O)=O)C(O)=O","1"
"4-methyl-2-oxopentanoate","Ketoleucine","HMDB0000695","70","48430","C00233","5663","CC(C)CC(=O)C(O)=O","1"
"1,5-anhydroglucitol (1,5-ag)","NA","NA","NA","NA","NA","NA","NA","0"
"1-palmityl-gpc (o-16:0)","NA","NA","NA","NA","NA","NA","NA","0"
"1-stearoyl-2-arachidonoyl-gpi (18:0/20:4)","NA","NA","NA","NA","NA","NA","NA","0"
"sphingosine 1-phosphate","Sphingosine 1-phosphate","HMDB0000277","5283560","37550","C06124","5272","CCCCCCCCCCCCC\C=C\[C@@H](O)[C@@H](N)COP(O)(O)=O","1"
"1-stearoyl-2-oleoyl-gps (18:0/18:1)","NA","NA","NA","NA","NA","NA","NA","0"
"1-stearoyl-gpi (18:0)","NA","NA","NA","NA","NA","NA","NA","0"
"1,2-dipalmitoyl-gpc (16:0/16:0)","NA","NA","NA","NA","NA","NA","NA","0"
"docosahexaenoate (dha; 22:6n3)","NA","NA","NA","NA","NA","NA","NA","0"
"1-myristoyl-2-palmitoyl-gpc (14:0/16:0)","PC(30:0)","HMDB0007869","129657","75062","C00157",NA,"[H][C@@](COC(=O)CCCCCCCCCCCCC)(COP([O-])(=O)OCC[N+](C)(C)C)OC(=O)CCCCCCCCCCCCCCC","1"
"alpha-hydroxyisocaproate","D-Leucic acid","HMDB0000624","439960","55534","C03264","5597","CC(C)C[C@@H](O)C(O)=O","1"
"maleate","Maleic acid","HMDB0000176","444266","18300","C01384","4198","OC(=O)\C=C/C(O)=O","1"
"4-acetylphenol sulfate","NA","NA","NA","NA","NA","NA","NA","0"
"2-hydroxyoctanoate","Hydroxyoctanoic acid","HMDB0000711","94180","86543",NA,"5679","CCCCCCC(O)C(O)=O","1"
"levulinate (4-oxovalerate)","NA","NA","NA","NA","NA","NA","NA","0"
"3-hydroxyoctanoate","3-Hydroxyoctanoic acid","HMDB0001954","11367166","37100",NA,NA,"CCCCC[C@H](O)CC(O)=O","1"
"phenyllactate (pla)","NA","NA","NA","NA","NA","NA","NA","0"
"palmitoylcarnitine (c16)","NA","NA","NA","NA","NA","NA","NA","0"
"hexanoylcarnitine (c6)","NA","NA","NA","NA","NA","NA","NA","0"
"n-acetylaspartate (naa)","NA","NA","NA","NA","NA","NA","NA","0"
"dehydroepiandrosterone sulfate (dhea-s)","NA","NA","NA","NA","NA","NA","NA","0"
"acetylcarnitine (c2)","NA","NA","NA","NA","NA","NA","NA","0"
"cysteine s-sulfate","NA","NA","NA","NA","NA","NA","NA","0"
"1-palmitoylglycerol (16:0)","NA","NA","NA","NA","NA","NA","NA","0"
"tartronate (hydroxymalonate)","NA","NA","NA","NA","NA","NA","NA","0"
"oxalate (ethanedioate)","NA","NA","NA","NA","NA","NA","NA","0"
"erythritol","Erythritol","HMDB0002994","222285","17113","C00503","140","OC[C@H](O)[C@H](O)CO","1"
"saccharin","Saccharin","HMDB0029723","5143","32111","C12283",NA,"OC1=NS(=O)(=O)C2=CC=CC=C12","1"
"3-hydroxymyristate","3-Hydroxytetradecanoic acid","HMDB0061656","5312869","37374",NA,NA,"CCCCCCCCCCC[C@H](O)CC(O)=O","1"
"iminodiacetate (ida)","NA","NA","NA","NA","NA","NA","NA","0"
"1-oleoylglycerol (18:1)","NA","NA","NA","NA","NA","NA","NA","0"
"3-methyl-2-oxobutyrate","alpha-Ketoisovaleric acid","HMDB0000019","49","16530","C00141","5091","CC(C)C(=O)C(O)=O","1"
"homoarginine","Homo-L-arginine","HMDB0000670","9085","27747","C01924","5640","N[C@@H](CCCCNC(N)=N)C(O)=O","1"
"homocitrulline","Homocitrulline","HMDB0000679","65072","17443","C02427","46","N[C@@H](CCCCNC(N)=O)C(O)=O","1"
"pyroglutamylglutamine","NA","NA","NA","NA","NA","NA","NA","0"
"2-linoleoylglycerol (18:2)","NA","NA","NA","NA","NA","NA","NA","0"
"3-hydroxydecanoate","3-Hydroxycapric acid","HMDB0002203","5312799","37371",NA,"6544","CCCCCCC[C@H](O)CC(O)=O","1"
"edta","Edetic Acid","HMDB0015109","6049","42191","C00284",NA,"OC(=O)CN(CCN(CC(O)=O)CC(O)=O)CC(O)=O","1"
"n-acetylglycine","Acetylglycine","HMDB0000532","10972","40410",NA,"5517","CC(=O)NCC(O)=O","1"
"ribonate","Ribonic acid","HMDB0000867","5460677","21077","C01685","3290","OC[C@@H](O)[C@@H](O)[C@@H](O)C(O)=O","1"
"threonate","Threonic acid","HMDB0000943","5460407","15908","C01620","5891","OC[C@H](O)[C@@H](O)C(O)=O","1"
"galactonate","Galactonic acid","HMDB0000565","128869","16534","C00880","3336","OC[C@@H](O)[C@H](O)[C@H](O)[C@@H](O)C(O)=O","1"
"indoleacetate","Indoleacetic acid","HMDB0000197","802","16411","C00954","5211","OC(=O)CC1=CNC2=C1C=CC=C2","1"
"1-linoleoylglycerol (18:2)","NA","NA","NA","NA","NA","NA","NA","0"
"1-methylhistidine","1-Methylhistidine","HMDB0000001","92105","50599","C01152","3741","CN1C=NC(C[C@H](N)C(O)=O)=C1","1"
"butyrylcarnitine (c4)","NA","NA","NA","NA","NA","NA","NA","0"
"isobutyrylcarnitine (c4)","NA","NA","NA","NA","NA","NA","NA","0"
"7-ketodeoxycholate","7-Ketodeoxycholic acid","HMDB0000391","188292","16390","C04643","5380","[H][C@@]12CC[C@H]([C@H](C)CCC(O)=O)[C@@]1(C)[C@@H](O)C[C@@]1([H])[C@@]2([H])C(=O)C[C@]2([H])C[C@H](O)CC[C@]12C","1"
"glycolithocholate","Lithocholic acid glycine conjugate","HMDB0000698","115245","37998","C15557","5666","[H][C@@]1(CC[C@@]2([H])[C@]3([H])CC[C@]4([H])C[C@H](O)CC[C@]4(C)[C@@]3([H])CC[C@]12C)[C@H](C)CCC(=O)NCC(O)=O","1"
"androsterone sulfate","Androsterone sulfate","HMDB0002759","159663","83037",NA,"3559","[H][C@@]12CCC(=O)[C@@]1(C)CC[C@@]1([H])[C@@]2([H])CC[C@@]2([H])C[C@@H](CC[C@]12C)OS(O)(=O)=O","1"
"indolepropionate","Indole-3-propionic acid","HMDB0002302","3744","43580",NA,"6602","OC(=O)CCC1=CNC2=C1C=CC=C2","1"
"n-(2-furoyl)glycine","2-Furoylglycine","HMDB0000439","21863","82912",NA,"5428","OC(=O)CNC(=O)C1=CC=CO1","1"
"trigonelline (n'-methylnicotinate)","NA","NA","NA","NA","NA","NA","NA","0"
"dodecanedioate (c12-dc)","NA","NA","NA","NA","NA","NA","NA","0"
"glutamate, gamma-methyl ester","NA","NA","NA","NA","NA","NA","NA","0"
"n-acetyltyrosine","N-Acetyltyrosine","HMDB0244966","89216","68561",NA,NA,"CC(=O)NC(CC1=CC=C(O)C=C1)C(O)=O","1"
"1,3-dimethylurate","1,3-Dimethyluric acid","HMDB0001857","70346","68447",NA,"2822","CN1C2=C(NC(=O)N2)C(=O)N(C)C1=O","1"
"3-methylxanthine","3-Methylxanthine","HMDB0001886","70639","62207","C16357","2820","CN1C2=C(NC=N2)C(=O)NC1=O","1"
"3-hydroxylaurate","3-Hydroxydodecanoic acid","HMDB0000387","5312805","36210",NA,"5376","CCCCCCCCC[C@H](O)CC(O)=O","1"
"pyridoxate","4-Pyridoxic acid","HMDB0000017","6723","17405","C00847","239","CC1=NC=C(CO)C(C(O)=O)=C1O","1"
"gamma-glutamylvaline","gamma-Glutamylvaline","HMDB0011172","7015683","68848",NA,NA,"CC(C)[C@H](NC(=O)CC[C@H](N)C(O)=O)C(O)=O","1"
"pyroglutamylvaline","Pyroglutamylvaline","HMDB0094651","152416","132991",NA,NA,"CC(C)[C@H](NC(=O)[C@@H]1CCC(=O)N1)C(O)=O","1"
"3-hydroxysebacate","3-Hydroxysebacic acid","HMDB0000350","124350389","89182",NA,"5339","O[C@H](CCCCCCC(O)=O)CC(O)=O","1"
"5-hydroxyhexanoate","delta-Hexanolactone","HMDB0000453","13204","589927","C01880","5442","CC1CCCC(=O)O1","1"
"propionylglycine","Propionylglycine","HMDB0000783","98681","89836",NA,"5749","CCC(=O)NCC(O)=O","1"
"propionylcarnitine (c3)","NA","NA","NA","NA","NA","NA","NA","0"
"pro-hydroxy-pro","Prolylhydroxyproline","HMDB0006695","11902892","74767",NA,NA,"O[C@@H]1C[C@H](N(C1)C(=O)[C@@H]1CCCN1)C(O)=O","1"
"3-hydroxy-2-ethylpropionate","2-Ethylhydracrylic acid","HMDB0000396","188979","82956",NA,"3785","CCC(CO)C(O)=O","1"
"3-carboxy-4-methyl-5-propyl-2-furanpropanoate (cmpf)","NA","NA","NA","NA","NA","NA","NA","0"
"docosapentaenoate (n3 dpa; 22:5n3)","NA","NA","NA","NA","NA","NA","NA","0"
"docosadienoate (22:2n6)","Docosadienoate (22:2n6)","HMDB0061714","5312554","75117","C16533",NA,"CCCCC\C=C/C\C=C/CCCCCCCCCCCC(O)=O","1"
"adrenate (22:4n6)","NA","NA","NA","NA","NA","NA","NA","0"
"10-undecenoate (11:1n1)","NA","NA","NA","NA","NA","NA","NA","0"
"myristoleate (14:1n5)","NA","NA","NA","NA","NA","NA","NA","0"
"4-imidazoleacetate","Imidazoleacetic acid","HMDB0002024","96215","16974","C02835","6445","OC(=O)CC1=CN=CN1","1"
"1-methyl-4-imidazoleacetate","Methylimidazoleacetic acid","HMDB0002820","75810","1606","C05828","3774","CN1C=NC(CC(O)=O)=C1","1"
"sebacate (c10-dc)","NA","NA","NA","NA","NA","NA","NA","0"
"stearidonate (18:4n3)","NA","NA","NA","NA","NA","NA","NA","0"
"5-dodecenoate (12:1n7)","NA","NA","NA","NA","NA","NA","NA","0"
"octanoylcarnitine (c8)","NA","NA","NA","NA","NA","NA","NA","0"
"tauro-beta-muricholate","Tauro-b-muricholic acid","HMDB0000932","168408",NA,NA,"5881","[H][C@@]12C[C@H](O)CC[C@]1(C)C1CC[C@]3(C)[C@H](CCC3C1[C@@H](O)[C@H]2O)[C@H](C)CCC(=O)NCCS(O)(=O)=O","1"
"decanoylcarnitine (c10)","NA","NA","NA","NA","NA","NA","NA","0"
"n-acetylglutamine","N-Acetylglutamine","HMDB0006029","182230","21553",NA,NA,"CC(=O)N[C@@H](CCC(N)=O)C(O)=O","1"
"n-acetyltryptophan","N-Acetyltryptophan","HMDB0013713","700653","74640",NA,NA,"CC(=O)N[C@@H](CC1=CNC2=C1C=CC=C2)C(O)=O","1"
"n-acetylphenylalanine","N-Acetyl-L-phenylalanine","HMDB0000512","74839","16259","C03519","5498","CC(=O)N[C@@H](CC1=CC=CC=C1)C(O)=O","1"
"gamma-glutamyl-epsilon-lysine","epsilon-(gamma-Glutamyl)lysine","HMDB0003869","7015684","88494",NA,NA,"N[C@@H](CCCCNC(=O)CC[C@H](N)C(O)=O)C(O)=O","1"
"1-palmitoyl-gpc (16:0)","LysoPC(16:0/0:0)","HMDB0010382","460602","72998","C04230",NA,"CCCCCCCCCCCCCCCC(=O)OC[C@@H](O)COP([O-])(=O)OCC[N+](C)(C)C","1"
"1-margaroyl-gpc (17:0)","LysoPC(17:0/0:0)","HMDB0012108","24779463","74340","C04230",NA,"CCCCCCCCCCCCCCCCC(=O)OC[C@@H](O)COP([O-])(=O)OCC[N+](C)(C)C","1"
"n-acetylarginine","NA","NA","NA","NA","NA","NA","NA","0"
"piperine","Piperine","HMDB0029377","638024","28821","C03882",NA,"O=C(\C=C\C=C\C1=CC2=C(OCO2)C=C1)N1CCCCC1","1"
"campesterol","Campesterol","HMDB0002869","173183","28623","C01789","167","[H][C@@]1(CC[C@@]2([H])[C@]3([H])CC=C4C[C@@H](O)CC[C@]4(C)[C@@]3([H])CC[C@]12C)[C@H](C)CC[C@@H](C)C(C)C","1"
"myristoylcarnitine (c14)","NA","NA","NA","NA","NA","NA","NA","0"
"1-stearoyl-gpc (18:0)","NA","NA","NA","NA","NA","NA","NA","0"
"1-oleoyl-gpc (18:1)","NA","NA","NA","NA","NA","NA","NA","0"
"n-acetylthreonine","N-Acetylthreonine","HMDB0062557","152204","45826",NA,NA,"C[C@@H](O)[C@H](NC(C)=O)C(O)=O","1"
"n-acetylisoleucine","N-Acetylisoleucine","HMDB0061684","7036275","21555",NA,NA,"CC[C@H](C)[C@H](NC(C)=O)C(O)=O","1"
"10-nonadecenoate (19:1n9)","10Z-Nonadecenoic acid","HMDB0013622","5312513","83051","C00174",NA,"CCCCCCCC\C=C/CCCCCCCCC(O)=O","1"
"10-heptadecenoate (17:1n7)","10Z-Heptadecenoic acid","HMDB0060038","5312435","75094",NA,NA,"CCCCCC\C=C/CCCCCCCCC(O)=O","1"
"epiandrosterone sulfate","Epiandrosterone sulfate","HMDB0062657","9929317","83040",NA,NA,"[H][C@@]12CCC(=O)[C@@]1(C)CC[C@@]1([H])[C@@]2([H])CC[C@@]2([H])C[C@H](CC[C@]12C)OS(O)(=O)=O","1"
"n-acetylhistidine","N-Acetylhistidine","HMDB0032055","75619","16437","C02997",NA,"CC(=O)N[C@@H](CC1=CNC=N1)C(O)=O","1"
"gamma-glutamylglycine","gamma-Glutamylglycine","HMDB0011667","165527","73845",NA,NA,"N[C@@H](CCC(=O)NCC(O)=O)C(O)=O","1"
"gamma-glutamyltryptophan","gamma-Glutamyltryptophan","HMDB0029160","3038501","133028",NA,NA,"N[C@@H](CCC(=O)N[C@@H](CC1=CNC2=CC=CC=C12)C(O)=O)C(O)=O","1"
"stachydrine","Proline betaine","HMDB0004827","115244","35280","C10172","7089","C[N+]1(C)CCC[C@H]1C([O-])=O","1"
"alpha-hydroxyisovalerate","2-Hydroxy-3-methylbutyric acid","HMDB0000407","99823","60645",NA,"5396","CC(C)C(O)C(O)=O","1"
"gamma-glutamylmethionine","gamma-Glutamylmethionine","HMDB0034367","7009567","82965",NA,NA,"CSCC[C@H](NC(=O)CC[C@H](N)C(O)=O)C(O)=O","1"
"gamma-glutamylthreonine","gamma-Glutamylthreonine","HMDB0029159","53861142","133747",NA,NA,"C[C@@H](O)[C@H](NC(=O)CC[C@H](N)C(O)=O)C(O)=O","1"
"p-cresol sulfate","p-Cresol sulfate","HMDB0011635","4615423","82914",NA,NA,"CC1=CC=C(OS(O)(=O)=O)C=C1","1"
"erythronate","Erythronic acid","HMDB0000613","2781043","37655",NA,"5586","OC[C@@H](O)[C@@H](O)C(O)=O","1"
"salicyluric glucuronide","Salicyluric beta-D-glucuronide","HMDB0240252","121596205","133026",NA,NA,"O[C@@H]1[C@@H](O)[C@H](OC(=O)CNC(=O)C2=C(O)C=CC=C2)O[C@@H]([C@H]1O)C(O)=O","1"
"eicosenoate (20:1)","NA","NA","NA","NA","NA","NA","NA","0"
"linolenate [alpha or gamma; (18:3n3 or 6)","NA","NA","NA","NA","NA","NA","NA","0"
"aconitate [cis or trans","NA","NA","NA","NA","NA","NA","NA","0"
"1-myristoyl-gpc (14:0)","NA","NA","NA","NA","NA","NA","NA","0"
"1-arachidoyl-gpc (20:0)","LysoPC(20:0/0:0)","HMDB0010390","24779473","74968","C04230",NA,"CCCCCCCCCCCCCCCCCCCC(=O)OC[C@@H](O)COP([O-])(=O)OCC[N+](C)(C)C","1"
"stearoylcarnitine (c18)","NA","NA","NA","NA","NA","NA","NA","0"
"laurylcarnitine (c12)","NA","NA","NA","NA","NA","NA","NA","0"
"isovalerylcarnitine (c5)","NA","NA","NA","NA","NA","NA","NA","0"
"1-linoleoyl-gpc (18:2)","LysoPC(18:2/0:0)","HMDB0010386","11005824","28733","C04230",NA,"CCCCC\C=C/C\C=C/CCCCCCCC(=O)OC[C@@H](O)COP([O-])(=O)OCC[N+](C)(C)C","1"
"7-methylxanthine","7-Methylxanthine","HMDB0001991","68374","48991","C16353",NA,"CN1C=NC2=C1C(=O)NC(=O)N2","1"
"1,3,7-trimethylurate","1,3,7-Trimethyluric acid","HMDB0002123","79437","691622","C16361",NA,"CN1C(=O)NC2=C1C(=O)N(C)C(=O)N2C","1"
"3,7-dimethylurate","NA","NA","NA","NA","NA","NA","NA","0"
"1,7-dimethylurate","1,7-Dimethyluric acid","HMDB0011103","91611","68449","C16356",NA,"CN1C(=O)NC2=C1C(=O)N(C)C(=O)N2","1"
"5-acetylamino-6-formylamino-3-methyluracil","5-Acetylamino-6-formylamino-3-methyluracil","HMDB0011105","108214","32643","C16365",NA,"CN1C(=O)NC(NC=O)=C(NC(C)=O)C1=O","1"
"5-acetylamino-6-amino-3-methyluracil","5-Acetylamino-6-amino-3-methyluracil","HMDB0004400","88299",NA,"C16366",NA,"CN1C(=O)NC(N)=C(NC(C)=O)C1=O","1"
"1-methylxanthine","1-Methylxanthine","HMDB0010738","80220","68444","C16358",NA,"CN1C(=O)NC2=C(NC=N2)C1=O","1"
"n1-methylinosine","1-Methylinosine","HMDB0002721","65095","19065",NA,"3780","CN1C=NC2=C(N=CN2[C@@H]2O[C@H](CO)[C@@H](O)[C@H]2O)C1=O","1"
"n2,n2-dimethylguanosine","N2,N2-Dimethylguanosine","HMDB0004824","92919","19289",NA,"7086","CN(C)C1=NC(=O)C2=C(N1)N(C=N2)[C@@H]1O[C@H](CO)[C@@H](O)[C@H]1O","1"
"n4-acetylcytidine","N4-Acetylcytidine","HMDB0005923","107461","70989",NA,NA,"CC(=O)NC1=NC(=O)N(C=C1)[C@@H]1O[C@H](CO)[C@@H](O)[C@H]1O","1"
"n6-carbamoylthreonyladenosine","N6-Carbamoyl-L-threonyladenosine","HMDB0041623","92021849",NA,NA,NA,"C[C@@H](O)[C@H](NC(N)=O)C(=O)NC1=C2N=CN([C@@H]3O[C@H](CO)[C@@H](O)[C@H]3O)C2=NC=N1","1"
"orotidine","Orotidine","HMDB0000788","92751","25722","C01103","5754","OC[C@H]1O[C@H]([C@H](O)[C@@H]1O)N1C(=O)NC(=O)C=C1C(O)=O","1"
"phenylacetylglutamine","Phenylacetylglutamine","HMDB0006344","92258","17884","C04148",NA,"NC(=O)CC[C@H](NC(=O)CC1=CC=CC=C1)C(O)=O","1"
"4-hydroxyhippurate","p-Hydroxyhippuric acid","HMDB0013678","151012","71018",NA,NA,"OC(=O)CNC(=O)C1=CC=C(O)C=C1","1"
"5,6-dihydrouridine","5,6-Dihydrouridine","HMDB0000497","94312","23774",NA,"5483","OC[C@H]1O[C@H]([C@H](O)[C@@H]1O)N1CCC(=O)NC1=O","1"
"3-(3-amino-3-carboxypropyl)uridine","3-(3-Amino-3-carboxypropyl)uridine","HMDB0242130","171198","19928",NA,NA,"[H]C(N)(CCN1C(=O)C=CN(C1=O)[C@]1([H])O[C@]([H])(CO)[C@@]([H])(O)[C@@]1([H])O)C(O)=O","1"
"1-arachidonylglycerol (20:4)","NA","NA","NA","NA","NA","NA","NA","0"
"cysteine-glutathione disulfide","Cysteine-glutathione disulfide","HMDB0250707","78301986",NA,NA,NA,"NC(CSC(=S)C(NC(=O)CCC(N)C(O)=O)C(=O)NCC(O)=O)C(O)O","1"
"5-methyluridine (ribothymidine)","NA","NA","NA","NA","NA","NA","NA","0"
"isovalerylglycine","Isovalerylglycine","HMDB0000678","546304","70984",NA,"5647","CC(C)CC(=O)NCC(O)=O","1"
"7-methylguanine","7-Methylguanine","HMDB0000897","11361","28664","C02242",NA,"CN1C=NC2=C1C(=O)N=C(N)N2","1"
"1-stearoyl-gpe (18:0)","NA","NA","NA","NA","NA","NA","NA","0"
"3-methylcytidine","3-Methylcytidine","HMDB0240577","159649",NA,NA,NA,"CN1C(=N)C=CN([C@@H]2O[C@H](CO)[C@@H](O)[C@H]2O)C1=O","1"
"n1-methyl-2-pyridone-5-carboxamide","Nudifloramide","HMDB0004193","69698","27410","C05842","7025","CN1C=C(C=CC1=O)C(N)=O","1"
"gamma-glutamylisoleucine","gamma-Glutamylisoleucine","HMDB0011170","22885096","68434",NA,NA,"CC[C@H](C)[C@H](NC(=O)CC[C@H](N)C(O)=O)C(O)=O","1"
"oleoylcarnitine (c18:1)","NA","NA","NA","NA","NA","NA","NA","0"
"2-methylbutyrylcarnitine (c5)","NA","NA","NA","NA","NA","NA","NA","0"
"phenol sulfate","Phenol sulphate","HMDB0060015","74426","27905","C02180",NA,"OS(=O)(=O)OC1=CC=CC=C1","1"
"1-palmitoleoyl-gpc (16:1)","NA","NA","NA","NA","NA","NA","NA","0"
"malonylcarnitine","Malonylcarnitine","HMDB0002095","91825606","85470",NA,"6484","C[N+](C)(C)C[C@@H](CC([O-])=O)OC(=O)CC(O)=O","1"
"hexanoylglycine","Hexanoylglycine","HMDB0000701","99463","64390",NA,"5669","CCCCCC(=O)NCC(O)=O","1"
"glutamine_degradant","NA","NA","NA","NA","NA","NA","NA","0"
"2-hydroxy-3-methylvalerate","2-Hydroxy-3-methylpentanoic acid","HMDB0000317","10796774","89228",NA,"5306","CC[C@@H](C)[C@@H](O)C(O)=O","1"
"homostachydrine","Proline betaine","HMDB0004827","115244","35280","C10172","7089","C[N+]1(C)CCC[C@H]1C([O-])=O","1"
"1-arachidonoyl-gpc (20:4n6)","NA","NA","NA","NA","NA","NA","NA","0"
"1-dihomo-linolenoyl-gpc (20:3n3 or 6)","NA","NA","NA","NA","NA","NA","NA","0"
"1-dihomo-linoleoyl-gpc (20:2)","LysoPC(20:2(11Z,14Z)/0:0)","HMDB0010392","52924053","83055","C04230",NA,"CCCCC\C=C/C\C=C/CCCCCCCCCC(=O)OC[C@](O)([H])COP([O-])(=O)OCC[N+](C)(C)C","1"
"2-arachidonoyl-gpc (20:4)","NA","NA","NA","NA","NA","NA","NA","0"
"2-oleoyl-gpc (18:1)","NA","NA","NA","NA","NA","NA","NA","0"
"2-linoleoyl-gpc (18:2)","NA","NA","NA","NA","NA","NA","NA","0"
"2-palmitoyl-gpc (16:0)","NA","NA","NA","NA","NA","NA","NA","0"
"2-myristoyl-gpc (14:0)","NA","NA","NA","NA","NA","NA","NA","0"
"1-docosahexaenoyl-gpc (22:6)","NA","NA","NA","NA","NA","NA","NA","0"
"1-palmitoyl-gpe (16:0)","LysoPE(16:0/0:0)","HMDB0011503","9547069","73004",NA,NA,"[H][C@@](O)(COC(=O)CCCCCCCCCCCCCCC)COP(O)(=O)OCCN","1"
"1-oleoyl-gpe (18:1)","NA","NA","NA","NA","NA","NA","NA","0"
"1-linoleoyl-gpe (18:2)","NA","NA","NA","NA","NA","NA","NA","0"
"1-arachidonoyl-gpe (20:4n6)","NA","NA","NA","NA","NA","NA","NA","0"
"n-acetylcitrulline","NA","NA","NA","NA","NA","NA","NA","0"
"2-hydroxypalmitate","2-Hydroxyhexadecanoic acid","HMDB0031057","12575964","75977",NA,NA,"CCCCCCCCCCCCCC[C@H](O)C(O)=O","1"
"docosapentaenoate (n6 dpa; 22:5n6)","NA","NA","NA","NA","NA","NA","NA","0"
"gulonate","Gulonic acid","HMDB0003290","152304","87753","C00800","344","OC[C@@H](O)[C@H](O)[C@@H](O)[C@@H](O)C(O)=O","1"
"isobutyrylglycine","Isobutyrylglycine","HMDB0000730","10855600","70979",NA,"5698","CC(C)C(=O)NCC(O)=O","1"
"glutarylcarnitine (c5-dc)","NA","NA","NA","NA","NA","NA","NA","0"
"2-methylmalonylcarnitine (c4-dc)","NA","NA","NA","NA","NA","NA","NA","0"
"tiglylcarnitine (c5:1-dc)","NA","NA","NA","NA","NA","NA","NA","0"
"hydroquinone sulfate","Hydroquinone sulfate","HMDB0240263","161220","71062",NA,NA,"OC1=CC=C(OS(O)(=O)=O)C=C1","1"
"catechol sulfate","Pyrocatechol sulfate","HMDB0059724","3083879","68505",NA,NA,"OC1=C(OS(O)(=O)=O)C=CC=C1","1"
"7-alpha-hydroxy-3-oxo-4-cholestenoate (7-hoca)","NA","NA","NA","NA","NA","NA","NA","0"
"n-acetyl-aspartyl-glutamate (naag)","NA","NA","NA","NA","NA","NA","NA","0"
"tetradecanedioate (c14-dc)","NA","NA","NA","NA","NA","NA","NA","0"
"hexadecanedioate (c16-dc)","NA","NA","NA","NA","NA","NA","NA","0"
"1-myristoylglycerol (14:0)","NA","NA","NA","NA","NA","NA","NA","0"
"glycerophosphoethanolamine","Glycerylphosphorylethanolamine","HMDB0000114","123874","52330","C01233","5151","NCCOP(O)(=O)OCC(O)CO","1"
"3-(3-hydroxyphenyl)propionate","3-(3-Hydroxyphenyl)propanoic acid","HMDB0000375","91","1427","C11457","5364","OC(=O)CCC1=CC(O)=CC=C1","1"
"ectoine","Ectoine","HMDB0240650",NA,"27592","C06231",NA,"CC1=NCC[C@H](N1)C(O)=O","1"
"2-oleoyl-gpe (18:1)","NA","NA","NA","NA","NA","NA","NA","0"
"2-palmitoyl-gpe (16:0)","NA","NA","NA","NA","NA","NA","NA","0"
"1-arachidonoyl-gpi (20:4)","NA","NA","NA","NA","NA","NA","NA","0"
"1-palmitoyl-gpi (16:0)","NA","NA","NA","NA","NA","NA","NA","0"
"glycolithocholate sulfate","Sulfolithocholylglycine","HMDB0002639","72222","9347","C11301","6725","[H][C@@]1(CC[C@@]2([H])[C@]3([H])CC[C@]4([H])C[C@@H](CC[C@]4(C)[C@@]3([H])CC[C@]12C)OS(O)(=O)=O)[C@H](C)CCC(=O)NCC(O)=O","1"
"taurolithocholate 3-sulfate","Taurolithocholic acid 3-sulfate","HMDB0002580","440071","17864","C03642","6716","[H][C@@]1(CC[C@@]2([H])[C@]3([H])CC[C@]4([H])C[C@@H](CC[C@]4(C)[C@@]3([H])CC[C@]12C)OS(O)(=O)=O)[C@H](C)CCC(=O)NCCS(O)(=O)=O","1"
"deoxycarnitine","4-Trimethylammoniobutanoic acid","HMDB0001161","725","16244","C01181","6043","C[N+](C)(C)CCCC([O-])=O","1"
"n6-succinyladenosine","NA","NA","NA","NA","NA","NA","NA","0"
"1-ribosyl-imidazoleacetate","NA","NA","NA","NA","NA","NA","NA","0"
"2-arachidonoyl-gpe (20:4)","NA","NA","NA","NA","NA","NA","NA","0"
"leucylleucine","Leucylleucine","HMDB0028933","94244","73531","C11332",NA,"CC(C)C[C@H](N)C(=O)N[C@@H](CC(C)C)C(O)=O","1"
"indoleacetylglutamine","NA","NA","NA","NA","NA","NA","NA","0"
"hexanoylglutamine","Hexanoylglutamine","HMDB0242182","28880746",NA,NA,NA,"[H][C@@](CCC(O)=N)(N=C(O)CCCCC)C(O)=O","1"
"n6-acetyllysine","Indoleacetic acid","HMDB0000197","802","16411","C00954","5211","OC(=O)CC1=CNC2=C1C=CC=C2","1"
"dihomo-linolenate (20:3n3 or n6)","NA","NA","NA","NA","NA","NA","NA","0"
"mannitol/sorbitol","NA","NA","NA","NA","NA","NA","NA","0"
"tryptophan betaine","Lenticin","HMDB0061115","442106","5832","C09213",NA,"C[N+](C)(C)[C@@H](CC1=CNC2=CC=CC=C12)C([O-])=O","1"
"4-vinylphenol sulfate","4-Vinylphenol sulfate","HMDB0062775","6426766","82931",NA,NA,"OS(=O)(=O)OC1=CC=C(C=C)C=C1","1"
"4-ethylphenylsulfate","4-Ethylphenylsulfate","HMDB0062551","20822574","82932",NA,NA,"CCC1=CC=C(OS(O)(=O)=O)C=C1","1"
"thymol sulfate","Thymol Sulfate","HMDB0062720","12456386","82911",NA,NA,"CC(C)C1=C(OS(O)(=O)=O)C=C(C)C=C1","1"
"pyrraline","Pyrraline","HMDB0033143","14274616",NA,NA,NA,"NC(CCCCN1C(CO)=CC=C1C=O)C(O)=O","1"
"2-linoleoyl-gpe (18:2)","NA","NA","NA","NA","NA","NA","NA","0"
"1-oleoyl-gpi (18:1)","NA","NA","NA","NA","NA","NA","NA","0"
"1-linoleoyl-gpi (18:2)","LysoPI(18:2(9Z,12Z)/0:0)","HMDB0240597",NA,"133077",NA,NA,"CCCCC\C=C/C\C=C/CCCCCCCC(=O)OC[C@@H](O)COP(O)(=O)O[C@H]1[C@H](O)[C@@H](O)[C@H](O)[C@@H](O)[C@H]1O","1"
"1-palmitoleoyl-gpe (16:1)","NA","NA","NA","NA","NA","NA","NA","0"
"2-hydroxyacetaminophen sulfate","2-Hydroxyacetaminophen sulfate","HMDB0062547","86290013","82942",NA,NA,"CC(=O)NC1=CC=C(OS(O)(=O)=O)C=C1O","1"
"2-methoxyacetaminophen sulfate","2-Methoxyacetaminophen sulfate","HMDB0062550","86290014","82944",NA,NA,"COC1=CC(OS(O)(=O)=O)=CC=C1NC(C)=O","1"
"2-methoxyacetaminophen glucuronide","2-Methoxyacetaminophen glucuronide","HMDB0240215","121596203","133005",NA,NA,"COC1=C(NC(C)=O)C=CC(O[C@@H]2O[C@@H]([C@@H](O)[C@H](O)[C@H]2O)C(O)=O)=C1","1"
"o-cresol sulfate","o-Cresol sulfate","HMDB0240655","11615528","133089",NA,NA,"CC1=C(OS(O)(=O)=O)C=CC=C1","1"
"dimethylarginine (sdma + adma)","NA","NA","NA","NA","NA","NA","NA","0"
"gamma-glutamylalanine","gamma-Glutamylalanine","HMDB0006248","440103","50619","C03740",NA,"C[C@H](NC(=O)CC[C@H](N)C(O)=O)C(O)=O","1"
"n-acetylserine","N-Acetylserine","HMDB0002931","65249","45441",NA,"308","CC(=O)N[C@@H](CO)C(O)=O","1"
"1-stearoyl-2-oleoyl-gpe (18:0/18:1)","PE(18:0/18:1(9Z))","HMDB0008993","9546742","75038","C00350",NA,"[H][C@@](COC(=O)CCCCCCCCCCCCCCCCC)(COP(O)(=O)OCCN)OC(=O)CCCCCCC\C=C/CCCCCCCC","1"
"4-allylphenol sulfate","4-Allylphenol sulfate","HMDB0170765","66633409","133096",NA,NA,"OS(=O)(=O)OC1=CC=C(CC=C)C=C1","1"
"1-stearoyl-2-arachidonoyl-gpc (18:0/20:4)","PC(18:0/20:4(5Z,8Z,11Z,14Z))","HMDB0008048","16219824","74965","C00157",NA,"CCCCCCCCCCCCCCCCCC(=O)OC[C@]([H])(COP([O-])(=O)OCC[N+](C)(C)C)OC(=O)CCC\C=C/C\C=C/C\C=C/C\C=C/CCCCC","1"
"1-palmitoyl-2-linoleoyl-gpe (16:0/18:2)","PE(16:0/18:2(9Z,12Z))","HMDB0008928","9546747","73008","C00350",NA,"[H][C@@](COC(=O)CCCCCCCCCCCCCCC)(COP(O)(=O)OCCN)OC(=O)CCCCCCC\C=C/C\C=C/CCCCC","1"
"sphinganine-1-phosphate","NA","NA","NA","NA","NA","NA","NA","0"
"glycosyl-n-stearoyl-sphingosine (d18:1/18:0)","NA","NA","NA","NA","NA","NA","NA","0"
"succinylcarnitine (c4-dc)","NA","NA","NA","NA","NA","NA","NA","0"
"bilirubin (e,e)","NA","NA","NA","NA","NA","NA","NA","0"
"bilirubin (e,z or z,e)","NA","NA","NA","NA","NA","NA","NA","0"
"n-methylproline","N-Methyl-L-proline","HMDB0094696","643474","90344",NA,NA,"CN1CCC[C@H]1C(O)=O","1"
"beta-cryptoxanthin","beta-Cryptoxanthin","HMDB0033844","5281235","10362","C08591",NA,"C\C(\C=C\C=C(/C)\C=C\C1=C(C)CCCC1(C)C)=C/C=C/C=C(\C)/C=C/C=C(\C)/C=C/C1=C(C)C[C@@H](O)CC1(C)C","1"
"5alpha-androstan-3beta,17beta-diol disulfate","NA","NA","NA","NA","NA","NA","NA","0"
"5alpha-pregnan-3beta,20alpha-diol disulfate","5alpha-Pregnan-3beta,20alpha-diol disulfate","HMDB0094650","5748360","133119",NA,NA,"[H][C@@]1(CC[C@@]2([H])[C@]3([H])CC[C@@]4([H])C[C@H](CC[C@]4(C)[C@@]3([H])CC[C@]12C)OS(O)(=O)=O)[C@H](C)OS(O)(=O)=O","1"
"glycocholenate sulfate","Glycocholenate sulfate","HMDB0242178","145453482","166730",NA,NA,"[H]\C(=C(\[H])[C@@]([H])(C)[C@@]1([H])CC[C@@]2([H])[C@]3([H])[C@]([H])(O)C[C@]4([H])C[C@@]([H])(CC[C@]4(C)[C@@]3([H])C[C@]([H])(O)[C@]12C)OS(O)(=O)=O)C(O)=NCC(O)=O","1"
"taurocholenate sulfate","NA","NA","NA","NA","NA","NA","NA","0"
"androstenediol (3beta,17beta) disulfate (1)","NA","NA","NA","NA","NA","NA","NA","0"
"pregnenediol disulfate (c21h34o8s2)","NA","NA","NA","NA","NA","NA","NA","0"
"androstenediol (3beta,17beta) disulfate (2)","NA","NA","NA","NA","NA","NA","NA","0"
"21-hydroxypregnenolone disulfate","NA","NA","NA","NA","NA","NA","NA","0"
"21-hydroxypregnenolone monosulfate (1)","NA","NA","NA","NA","NA","NA","NA","0"
"5alpha-androstan-3alpha,17alpha-diol monosulfate","NA","NA","NA","NA","NA","NA","NA","0"
"5alpha-pregnan-3beta,20beta-diol monosulfate (1)","NA","NA","NA","NA","NA","NA","NA","0"
"5alpha-pregnan-3beta,20alpha-diol monosulfate (2)","NA","NA","NA","NA","NA","NA","NA","0"
"5alpha-pregnan-diol disulfate","NA","NA","NA","NA","NA","NA","NA","0"
"5alpha-androstan-3alpha,17beta-diol disulfate","5alpha-Androstan-3alpha,17beta-diol disulfate","HMDB0094682","56639109","133101",NA,NA,"[H][C@@]12CC[C@H](OS(O)(=O)=O)[C@@]1(C)CC[C@@]1([H])[C@@]2([H])CC[C@@]2([H])C[C@@H](CC[C@]12C)OS(O)(=O)=O","1"
"5alpha-androstan-3alpha,17beta-diol monosulfate (1)","NA","NA","NA","NA","NA","NA","NA","0"
"5alpha-androstan-3beta,17alpha-diol disulfate","5alpha-Androstan-3beta,17alpha-diol disulfate","HMDB0240625","90186425","133112",NA,NA,"[H][C@@]12CC[C@@H](OS(O)(=O)=O)[C@@]1(C)CC[C@@]1([H])[C@@]2([H])CC[C@@]2([H])C[C@H](CC[C@]12C)OS(O)(=O)=O","1"
"5alpha-androstan-3beta,17beta-diol monosulfate (2)","NA","NA","NA","NA","NA","NA","NA","0"
"androstenediol (3alpha, 17alpha) monosulfate (2)","NA","NA","NA","NA","NA","NA","NA","0"
"androstenediol (3alpha, 17alpha) monosulfate (3)","NA","NA","NA","NA","NA","NA","NA","0"
"androstenediol (3beta,17beta) monosulfate (1)","NA","NA","NA","NA","NA","NA","NA","0"
"androstenediol (3beta,17beta) monosulfate (2)","NA","NA","NA","NA","NA","NA","NA","0"
"1-docosahexaenoyl-gpe (22:6)","NA","NA","NA","NA","NA","NA","NA","0"
"1-docosapentaenoyl-gpc (22:5n3)","LysoPC(22:5(7Z,10Z,13Z,16Z,19Z)/0:0)","HMDB0010403","53480475","133734","C04230",NA,"CC\C=C/C\C=C/C\C=C/C\C=C/C\C=C/CCCCCC(=O)OC[C@](O)([H])COP([O-])(=O)OCC[N+](C)(C)C","1"
"pregnenediol sulfate (c21h34o5s)","NA","NA","NA","NA","NA","NA","NA","0"
"2-hydroxyglutarate","2-Hydroxyglutarate","HMDB0059655","43","17084","C02630",NA,"OC(CCC(O)=O)C(O)=O","1"
"gamma-cehc","gamma-CEHC","HMDB0001931","15887183",NA,NA,NA,"CC1=C(O)C=C2CCC(C)(CCC(O)=O)OC2=C1C","1"
"n-acetyl-beta-alanine","N-Acetyl-beta-alanine","HMDB0061880","76406","16682","C01073",NA,"CC(=O)NCCC(O)=O","1"
"sphingomyelin (d18:1/18:1, d18:2/18:0)","NA","NA","NA","NA","NA","NA","NA","0"
"palmitoyl sphingomyelin (d18:1/16:0)","SM(d18:1/16:0)","HMDB0010169","9939941","78646","C00550",NA,"[H][C@@](COP([O-])(=O)OCC[N+](C)(C)C)(NC(=O)CCCCCCCCCCCCCCC)[C@H](O)\C=C\CCCCCCCCCCCCC","1"
"3-hydroxyhippurate","3-Hydroxyhippuric acid","HMDB0006116","450268","70824",NA,NA,"OC(=O)CNC(=O)C1=CC=CC(O)=C1","1"
"16a-hydroxy dhea 3-sulfate","16alpha-Hydroxy DHEA 3-sulfate","HMDB0062544","20848951","87774",NA,NA,"[H][C@@]12C[C@@H](O)C(=O)[C@@]1(C)CC[C@@]1([H])[C@@]2([H])CC=C2C[C@H](CC[C@]12C)OS(O)(=O)=O","1"
"17alpha-hydroxypregnenolone 3-sulfate","NA","NA","NA","NA","NA","NA","NA","0"
"pregnenolone sulfate","Pregnenolone sulfate","HMDB0000774","20845972",NA,NA,"5740","[H][C@@]12CC[C@H](C(C)=O)[C@@]1(C)CC[C@@]1([H])[C@@]2([H])CC=C2CC(CC[C@]12C)OS(O)(=O)=O","1"
"andro steroid monosulfate c19h28o6s (1)","NA","NA","NA","NA","NA","NA","NA","0"
"ergothioneine","Ergothioneine","HMDB0003045","5351619","4828","C05570","53","C[N+](C)(C)[C@@H](CC1=CNC(=S)N1)C([O-])=O","1"
"1-margaroyl-gpe (17:0)","NA","NA","NA","NA","NA","NA","NA","0"
"1-pentadecanoyl-gpc (15:0)","NA","NA","NA","NA","NA","NA","NA","0"
"s-methylmethionine","S-Methylmethionine","HMDB0038670","458",NA,NA,NA,"C[S+](C)CCC(N)C(O)=O","1"
"indole-3-carboxylate","Indole-3-carboxylic acid","HMDB0003320","69867","24809","C19837","3795","OC(=O)C1=CNC2=CC=CC=C12","1"
"13-hode + 9-hode","NA","NA","NA","NA","NA","NA","NA","0"
"tridecenedioate (c13:1-dc)","NA","NA","NA","NA","NA","NA","NA","0"
"n-acetyl-3-methylhistidine","N-Acetyl-3-methylhistidine","HMDB0240341","193270","133183",NA,NA,"CN1C=NC=C1C[C@H](NC(C)=O)C(O)=O","1"
"4-cholesten-3-one","Cholestenone","HMDB0000921","91477","16175","C00599","3898","[H][C@@]1(CC[C@@]2([H])[C@]3([H])CCC4=CC(=O)CC[C@]4(C)[C@@]3([H])CC[C@]12C)[C@H](C)CCCC(C)C","1"
"cinnamoylglycine","Cinnamoylglycine","HMDB0011621","709625","68616",NA,NA,"OC(=O)CNC(=O)\C=C\C1=CC=CC=C1","1"
"cis-4-decenoylcarnitine (c10:1)","NA","NA","NA","NA","NA","NA","NA","0"
"phenylalanylphenylalanine","Phenylalanylphenylalanine","HMDB0013302","6993089","72723",NA,NA,"N[C@@H](CC1=CC=CC=C1)C(=O)N[C@@H](CC1=CC=CC=C1)C(O)=O","1"
"(16 or 17)-methylstearate (a19:0 or i19:0)","NA","NA","NA","NA","NA","NA","NA","0"
"alpha-ketoglutaramate","2-Keto-glutaramic acid","HMDB0001552","48","30882","C00940","6318","NC(=O)CCC(=O)C(O)=O","1"
"2,3-dihydroxyisovalerate","NA","NA","NA","NA","NA","NA","NA","0"
"3-methylglutaconate","3-Methylglutaconic acid","HMDB0000522","1551553","37245",NA,"5507","C\C(CC(O)=O)=C/C(O)=O","1"
"5-(galactosylhydroxy)-l-lysine","5-(Galactosylhydroxy)-L-Lysine","HMDB0242167","66995551",NA,NA,NA,"[H][C@](N)(CCC([H])(CN)OC1([H])O[C@]([H])(CO)[C@]([H])(O)[C@]([H])(O)[C@@]1([H])O)C(O)=O","1"
"isoursodeoxycholate","3b,7b,12a-Trihydroxy-5b-cholanoic acid","HMDB0000395","5283873",NA,NA,"5384","[H][C@@]12CC[C@H]([C@H](C)CCC(O)=O)[C@@]1(C)[C@@H](O)C[C@@]1([H])[C@@]2([H])[C@@H](O)C[C@]2([H])C[C@@H](O)CC[C@]12C","1"
"hydantoin-5-propionate","Hydantoin-5-propionic acid","HMDB0001212","782","28297","C05565","6084","OC(=O)CCC1NC(=O)NC1=O","1"
"sulfate","Sulfate","HMDB0001448","1117","26836","C00059","3233","OS(O)(=O)=O","1"
"4-hydroxy-2-oxoglutaric acid","4-Hydroxy-2-oxoglutaric acid","HMDB0002070","599","30923","C01127","6471","OC(CC(=O)C(O)=O)C(O)=O","1"
"4-hydroxyglutamate","4-Hydroxy-L-glutamic acid","HMDB0002273","440854","21285","C05947","6586","N[C@@H](C[C@@H](O)C(O)=O)C(O)=O","1"
"l-urobilin","L-Urobilin",NA,NA,NA,"C05793",NA,NA,"1"
"s-methylcysteine","Methylcysteine","HMDB0002108","24417","45658","C22040","6490","CSC[C@@H](N)C(O)=O","1"
"androsterone glucuronide","Androsterone glucuronide","HMDB0002829","114833","28832","C11135","2796","[H][C@@]12CCC(=O)[C@@]1(C)CC[C@@]1([H])[C@@]2([H])CC[C@@]2([H])C[C@@H](CC[C@]12C)O[C@@H]1O[C@@H]([C@@H](O)[C@H](O)[C@H]1O)C(O)=O","1"
"argininate","Argininic acid","HMDB0003148","160437",NA,NA,NA,"NC(=N)NCCC[C@H](O)C(O)=O","1"
"2-oxoarginine","2-Oxoarginine","HMDB0004225","558","28116","C03771","7030","NC(N)=NCCCC(=O)C(O)=O","1"
"cis-4-decenoate (10:1n6)","NA","NA","NA","NA","NA","NA","NA","0"
"ethyl glucuronide","Ethyl glucuronide","HMDB0010325","18392195","87248",NA,NA,"CCO[C@@H]1O[C@@H]([C@@H](O)[C@H](O)[C@H]1O)C(O)=O","1"
"1-erucoyl-gpc (22:1)","NA","NA","NA","NA","NA","NA","NA","0"
"1-adrenoyl-gpc (22:4)","LysoPC(22:4(7Z,10Z,13Z,16Z)/0:0)","HMDB0010401","52924039","133657","C04230",NA,"CCCCC\C=C/C\C=C/C\C=C/C\C=C/CCCCCC(=O)OC[C@](O)([H])COP([O-])(=O)OCC[N+](C)(C)C","1"
"1-lignoceroyl-gpc (24:0)","LysoPC(24:0/0:0)","HMDB0010405","24779481","86260","C04230",NA,"[H][C@@](O)(COC(=O)CCCCCCCCCCCCCCCCCCCCCCC)COP([O-])(=O)OCC[N+](C)(C)C","1"
"1-nervonoyl-gpc (24:1n9)","NA","NA","NA","NA","NA","NA","NA","0"
"1-(1-enyl-palmitoyl)-gpc (p-16:0)","NA","NA","NA","NA","NA","NA","NA","0"
"1-(1-enyl-oleoyl)-gpc (p-18:1)","LysoPC(P-18:1(9Z)/0:0)","HMDB0010408","24779513","84753","C04230",NA,"CCCCCCCC\C=C/CCCCCC\C=C/OC[C@](O)([H])COP([O-])(=O)OCC[N+](C)(C)C","1"
"1-(1-enyl-stearoyl)-gpc (p-18:0)","LysoPC(P-18:0/0:0)","HMDB0013122","24779527","133662","C04230",NA,"CCCCCCCCCCCCCCCC\C=C/OC[C@](O)([H])COP([O-])(=O)OCC[N+](C)(C)C","1"
"1-methyl-5-imidazoleacetate","Pi-Methylimidazoleacetic acid","HMDB0004988","6451814","70966",NA,"7239","CN1C=NC=C1CC(O)=O","1"
"glycoursodeoxycholate","Glycoursodeoxycholic acid","HMDB0000708","12310288","89929",NA,"5676","[H][C@@]1(CC[C@@]2([H])[C@]3([H])[C@@H](O)C[C@]4([H])C[C@H](O)CC[C@]4(C)[C@@]3([H])CC[C@]12C)[C@H](C)CCC(=O)NCC(O)=O","1"
"s-methylcysteine sulfoxide","(S)C(S)S-S-Methylcysteine sulfoxide","HMDB0029432","25202909","137271",NA,NA,"CS(=O)CC(N)C(O)=O","1"
"eicosanedioate (c20-dc)","NA","NA","NA","NA","NA","NA","NA","0"
"docosadioate (c22-dc)","NA","NA","NA","NA","NA","NA","NA","0"
"16-hydroxypalmitate","16-Hydroxyhexadecanoic acid","HMDB0006294","10466","55328","C18218",NA,"OCCCCCCCCCCCCCCCC(O)=O","1"
"oleoyl-linoleoyl-glycerol (18:1/18:2) [1","NA","NA","NA","NA","NA","NA","NA","0"
"oleoyl-linoleoyl-glycerol (18:1/18:2) [2","NA","NA","NA","NA","NA","NA","NA","0"
"1-(1-enyl-palmitoyl)-gpe (p-16:0)","NA","NA","NA","NA","NA","NA","NA","0"
"1-(1-enyl-stearoyl)-gpe (p-18:0)","NA","NA","NA","NA","NA","NA","NA","0"
"2-stearoyl-gpi (18:0)","NA","NA","NA","NA","NA","NA","NA","0"
"n-oleoyltaurine","NA","NA","NA","NA","NA","NA","NA","0"
"linoleoylcarnitine (c18:2)","NA","NA","NA","NA","NA","NA","NA","0"
"isoleucylalanine","Isoleucyl-Alanine","HMDB0028900","5246009",NA,NA,NA,"CCC(C)C(N)C(=O)NC(C)C(O)=O","1"
"isoleucylglycine","Isoleucyl-Glycine","HMDB0028907","342532",NA,NA,NA,"CCC(C)C(N)C(=O)NCC(O)=O","1"
"phenylalanylleucine","Phenylalanylleucine","HMDB0253025","4078229",NA,NA,NA,"CC(C)CC(NC(=O)C(N)CC1=CC=CC=C1)C(O)=O","1"
"tryptophylleucine","Tryptophyl-Leucine","HMDB0029087","323786",NA,NA,NA,"CC(C)CC(N=C(O)C(N)CC1=CNC2=CC=CC=C12)C(O)=O","1"
"n-stearoyltaurine","N-Stearoyltaurine","HMDB0240595","168274","132479",NA,NA,"CCCCCCCCCCCCCCCCCC(=O)NCCS(O)(=O)=O","1"
"carboxyethyl-gaba","N-Carboxyethyl-g-aminobutyric acid","HMDB0002201","2572",NA,NA,"6542","OC(=O)CCCNCCC(O)=O","1"
"beta-citrylglutamate","N-Nervonoyl Valine","HMDB0241915",NA,"76942",NA,NA,"CCCCCCCCC=CCCCCCCCCCCCCCC(=O)NC(C(C)C)C(O)=O","1"
"trimethylamine n-oxide","Trimethylamine N-oxide","HMDB0000925","1145","15724","C01104","5876","C[N+](C)(C)[O-]","1"
"dihydroferulate","Dihydroferulic acid","HMDB0062121","14340","86612",NA,NA,"COC1=CC(CCC(O)=O)=CC=C1O","1"
"imidazole propionate","Imidazolepropionic acid","HMDB0002271","70630","73087","C20522","6585","OC(=O)CCC1=CNC=N1","1"
"pregnanediol-3-glucuronide","Pregnanediol 3-O-glucuronide","HMDB0010318","123796",NA,"C03033",NA,"[H][C@@]1(CC[C@@]2([H])[C@]3([H])CC[C@]4([H])C[C@@H](CC[C@]4(C)[C@@]3([H])CC[C@]12C)O[C@]1([H])O[C@@H]([C@@H](O)[C@H](O)[C@H]1O)C(O)=O)[C@H](C)O","1"
"alliin","Alliin","HMDB0301759",NA,NA,"C08265",NA,"N[C@@H](CS(=O)CC=C)C(O)=O","1"
"threonylalanine","Threonylalanine","HMDB0029054","7010577","74824",NA,NA,"C[C@@H](O)[C@H](N)C(=O)N[C@@H](C)C(O)=O","1"
"phenylalanyltryptophan","Phenylalanyltryptophan","HMDB0029006","134906","74751",NA,NA,"N[C@@H](CC1=CC=CC=C1)C(=O)N[C@@H](CC1=CNC2=CC=CC=C12)C(O)=O","1"
"valylglycine","Valylglycine","HMDB0029127","6993110","73699",NA,NA,"CC(C)[C@H](N)C(=O)NCC(O)=O","1"
"prolylalanine","Prolyl-Alanine","HMDB0029010","418041",NA,NA,NA,"CC(NC(=O)C1CCCN1)C(O)=O","1"
"prolylglycine","Prolylglycine","HMDB0011178","6426709","61695",NA,NA,"OC(=O)CNC(=O)[C@@H]1CCCN1","1"
"n-palmitoylglycine","Palmitoylglycine","HMDB0013034","151008","39540",NA,NA,"CCCCCCCCCCCCCCCC(=O)NCC(O)=O","1"
"lanthionine","Lanthionine","HMDB0240656","98504","21347",NA,NA,"N[C@@H](CSC[C@H](N)C(O)=O)C(O)=O","1"
"2-stearoyl-gpe (18:0)","LysoPE(0:0/18:0)","HMDB0011129","53480667","133144",NA,NA,"[H][C@@](CO)(COP(O)(=O)OCCN)OC(=O)CCCCCCCCCCCCCCCCC","1"
"(r)-3-hydroxybutyrylcarnitine","(R)-3-hydroxybutyrylcarnitine","HMDB0062735","90659885","84842",NA,NA,"[H]C(C)(O)CC(=O)O[C@]([H])(CC([O-])=O)C[N+](C)(C)C","1"
"n-acetylcarnosine","N-Acetylcarnosine","HMDB0255058","91814",NA,NA,NA,"CC(=O)NCCC(=O)NC(CC1=CN=CN1)C(O)=O","1"
"margaroylcarnitine (c17)","NA","NA","NA","NA","NA","NA","NA","0"
"glycohyocholate","Glycohyocholate","HMDB0242179","121596236","133177",NA,NA,"[H][C@@](C)(CCC([O-])=NCC(O)=O)[C@@]1([H])CC[C@@]2([H])[C@]3([H])[C@]([H])(O)[C@]([H])(O)[C@]4([H])C[C@]([H])(O)CC[C@]4(C)[C@@]3([H])CC[C@]12C","1"
"retinal","Retinal","HMDB0001358","638015","17898","C00376","6188","C\C(\C=C\C=C(/C)\C=C\C1=C(C)CCCC1(C)C)=C/C=O","1"
"2-hydroxydecanoate","2-Hydroxydecanoate","HMDB0094656","5312797","133172",NA,NA,"CCCCCCCC[C@H](O)C(O)=O","1"
"4-methylcatechol sulfate","4-Methylcatechol sulfate","HMDB0242166","129848880",NA,NA,NA,"CC1=C2OS(=O)(=O)OC1=C(O)C(O)=C2","1"
"3-methyl catechol sulfate (1)","NA","NA","NA","NA","NA","NA","NA","0"
"3b-hydroxy-5-cholenoic acid","3b-Hydroxy-5-cholenoic acid","HMDB0000308","92997","384794",NA,"5297","[H][C@@]12CC[C@H]([C@H](C)CCC(O)=O)[C@@]1(C)CC[C@@]1([H])[C@@]2([H])CC=C2C[C@@H](O)CC[C@]12C","1"
"guaiacol sulfate","NA","NA","NA","NA","NA","NA","NA","0"
"2-aminooctanoate","DL-2-Aminooctanoic acid","HMDB0000991","69522","75145",NA,"5923","CCCCCCC(N)C(O)=O","1"
"gamma-cehc glucuronide","gamma-CEHC glucuronide","HMDB0242175","121596235","133148",NA,NA,"[H][C@@]1(O)[C@@]([H])(O)[C@]([H])(OC2=CC3=C(OC(C)(CCC(O)=O)CC3)C(C)=C2C)O[C@]([H])(C(O)=O)[C@@]1([H])O","1"
"2-piperidinone","2-Piperidinone","HMDB0011749","12665","77761",NA,NA,"O=C1CCCCN1","1"
"n-acetyl-1-methylhistidine","N-Acetyl-1-methylhistidine","HMDB0240340","53859791","133181",NA,NA,"CN1C=NC(C[C@H](NC(C)=O)C(O)=O)=C1","1"
"indolin-2-one","1,3-Dihydro-(2H)-indol-2-one","HMDB0061918","321710","31697","C12312",NA,"O=C1CC2=CC=CC=C2N1","1"
"2-aminophenol sulfate","Pyrocatechol sulfate","HMDB0059724","3083879","68505",NA,NA,"OC1=C(OS(O)(=O)=O)C=CC=C1","1"
"3-acetylphenol sulfate","NA","NA","NA","NA","NA","NA","NA","0"
"sphingomyelin (d18:1/14:0, d16:1/16:0)","NA","NA","NA","NA","NA","NA","NA","0"
"sphingomyelin (d18:2/16:0, d18:1/16:1)","NA","NA","NA","NA","NA","NA","NA","0"
"6-oxopiperidine-2-carboxylate","6-Oxopiperidine-2-carboxylic acid","HMDB0061705","3014237","87998",NA,NA,"OC(=O)C1CCCC(O)=N1","1"
"s-allylcysteine","S-Allylcysteine","HMDB0034323","98280",NA,"C16759",NA,"NC(CSCC=C)C(O)=O","1"
"n-delta-acetylornithine","N5-Acetylornithine","HMDB0240589","193343","44673",NA,NA,"CC(=O)NCCC[C@H](N)C(O)=O","1"
"acisoga","N-(3-acetamidopropyl)pyrrolidin-2-one","HMDB0061384","129397","133185",NA,NA,"CC(=O)NCCCN1CCCC1=O","1"
"2-aminoheptanoate","2-Aminoheptanoate","HMDB0094649","5312965","40682",NA,NA,"CCCCC[C@H](N)C(O)=O","1"
"1-eicosapentaenoyl-gpe (20:5)","NA","NA","NA","NA","NA","NA","NA","0"
"n2,n5-diacetylornithine","N2,N5-Diacetylornithine","HMDB0240345","65977","133217",NA,NA,"CC(=O)NCCC[C@H](NC(C)=O)C(O)=O","1"
"3-methoxytyramine sulfate","NA","NA","NA","NA","NA","NA","NA","0"
"methionine sulfone","Methionine sulfone","HMDB0062174","445282","21363",NA,NA,"CS(=O)(=O)CC[C@H](N)C(O)=O","1"
"cyclo(ala-pro)","NA","NA","NA","NA","NA","NA","NA","0"
"1-linolenoyl-gpc (18:3)","LysoPC(18:3(9Z,12Z,15Z)/0:0)","HMDB0010388","24779469","133456","C04230",NA,"CC\C=C/C\C=C/C\C=C/CCCCCCCC(=O)OC[C@](O)([H])COP([O-])(=O)OCC[N+](C)(C)C","1"
"1-eicosapentaenoyl-gpc (20:5)","NA","NA","NA","NA","NA","NA","NA","0"
"1-eicosenoyl-gpc (20:1)","NA","NA","NA","NA","NA","NA","NA","0"
"n-acetylalliin","N-Acetylalliin","HMDB0242184","122164824","133430",NA,NA,"[H][C@@](C[S@@](=O)CC=C)(N=C(C)O)C(O)=O","1"
"1-dihomo-linolenoyl-gpe (20:3n3 or 6)","NA","NA","NA","NA","NA","NA","NA","0"
"1-(1-enyl-oleoyl)-gpe (p-18:1)","NA","NA","NA","NA","NA","NA","NA","0"
"o-sulfo-l-tyrosine","O-Sulfotyrosine","HMDB0155722","514186","46215",NA,NA,"N[C@@H](CC1=CC=C(OS(O)(=O)=O)C=C1)C(O)=O","1"
"ferulic acid 4-sulfate","Ferulic acid 4-O-sulfate","HMDB0029200","6305574","133508",NA,NA,"COC1=C(OS(O)(=O)=O)C=CC(\C=C\C(O)=O)=C1","1"
"11-ketoetiocholanolone glucuronide","11-ketoetiocholanolone glucuronide","HMDB0341220",NA,NA,NA,NA,"[H][C@@]12CCC(=O)[C@@]1(C)CC(=O)[C@@]1([H])[C@@]2([H])CC[C@]2([H])C[C@H](CC[C@]12C)O[C@@H]1O[C@@H]([C@@H](O)[C@H](O)[C@H]1O)C(O)=O","1"
"etiocholanolone glucuronide","Etiocholanolone glucuronide","HMDB0004484","443078","37451","C11136","7064","[H][C@@]12CCC(=O)[C@@]1(C)CC[C@@]1([H])[C@@]2([H])CC[C@]2([H])C[C@@H](CC[C@]12C)O[C@@H]1O[C@@H]([C@@H](O)[C@H](O)[C@H]1O)C(O)=O","1"
"17alpha-hydroxypregnanolone glucuronide","NA","NA","NA","NA","NA","NA","NA","0"
"n-acetyltaurine","N-Acetyltaurine","HMDB0240253","159864","84415",NA,NA,"CC(=O)NCCS(O)(=O)=O","1"
"1-docosapentaenoyl-gpc (22:5n6)","LysoPC(22:5(4Z,7Z,10Z,13Z,16Z)/0:0)","HMDB0010402","53480473","74348","C04230",NA,"CCCCC\C=C/C\C=C/C\C=C/C\C=C/C\C=C/CCC(=O)OC[C@](O)([H])COP([O-])(=O)OCC[N+](C)(C)C","1"
"1-linolenoyl-gpe (18:3)","NA","NA","NA","NA","NA","NA","NA","0"
"1-oleoyl-gpg (18:1)","NA","NA","NA","NA","NA","NA","NA","0"
"1-palmitoyl-gpg (16:0)","NA","NA","NA","NA","NA","NA","NA","0"
"9-hydroxystearate","9-hydroxyoctadecanoic acid","HMDB0061661","9570127","136638",NA,NA,"CCCCCCCCCC(O)CCCCCCCC(O)=O","1"
"3-methylglutarylcarnitine (2)","NA","NA","NA","NA","NA","NA","NA","0"
"methyl glucopyranoside (alpha + beta)","NA","NA","NA","NA","NA","NA","NA","0"
"alpha-cehc sulfate","alpha-CEHC sulfate","HMDB0341286",NA,NA,NA,NA,"CC1=C(OS(O)(=O)=O)C(C)=C2CCC(C)(CCC(O)=O)OC2=C1C","1"
"alpha-cmbhc glucuronide","NA","NA","NA","NA","NA","NA","NA","0"
"sphingomyelin (d18:2/14:0, d18:1/14:1)","NA","NA","NA","NA","NA","NA","NA","0"
"sphingomyelin (d18:1/24:1, d18:2/24:0)","NA","NA","NA","NA","NA","NA","NA","0"
"octadecenedioylcarnitine (c18:1-dc)","NA","NA","NA","NA","NA","NA","NA","0"
"5alpha-androstan-3alpha,17beta-diol monosulfate (2)","NA","NA","NA","NA","NA","NA","NA","0"
"myristoleoylcarnitine (c14:1)","NA","NA","NA","NA","NA","NA","NA","0"
"n-formylphenylalanine","N-Formylphenylalanine","HMDB0240317","759256","133534",NA,NA,"OC(=O)[C@H](CC1=CC=CC=C1)NC=O","1"
"cyclo(pro-val)","Cyclo(L-prolyl-L-valyl)","HMDB0240493","6992261",NA,NA,NA,"[H][C@@]12CCCN1C(=O)[C@@]([H])(N=C2O)C(C)C","1"
"4-hydroxychlorothalonil","4-Hydroxychlorothalonil","HMDB0240624","34217","133542",NA,NA,"OC1=C(C#N)C(Cl)=C(C#N)C(Cl)=C1Cl","1"
"tyramine o-sulfate","Tyramine-O-sulfate","HMDB0006409","153005","133530",NA,NA,"NCCC1=CC=C(OS(O)(=O)=O)C=C1","1"
"3-hydroxypyridine sulfate","3-Hydroxypyridine sulfate","HMDB0240652","22642043","133559",NA,NA,"OS(=O)(=O)OC1=CN=CC=C1","1"
"phenylacetylcarnitine","phenylacetylcarnitine","HMDB0341372",NA,NA,NA,NA,"C[N+](C)(C)CC(O)(CC([O-])=O)C(=O)CC1=CC=CC=C1","1"
"arabonate/xylonate","NA","NA","NA","NA","NA","NA","NA","0"
"methyl-4-hydroxybenzoate sulfate","Methyl-4-hydroxybenzoate sulfate","HMDB0168668","122164837","133532",NA,NA,"COC(=O)C1=CC=C(OS(O)(=O)=O)C=C1","1"
"1-dihomo-linolenylglycerol (20:3)","NA","NA","NA","NA","NA","NA","NA","0"
"4-vinylguaiacol sulfate","NA","NA","NA","NA","NA","NA","NA","0"
"vanillactate","Vanillactic acid","HMDB0000913","160637","1240674",NA,"5868","COC1=CC(CC(O)C(O)=O)=CC=C1O","1"
"eugenol sulfate","NA","NA","NA","NA","NA","NA","NA","0"
"pregnanolone/allopregnanolone sulfate","NA","NA","NA","NA","NA","NA","NA","0"
"2-methoxyresorcinol sulfate","NA","NA","NA","NA","NA","NA","NA","0"
"2-acetamidophenol sulfate","NA","NA","NA","NA","NA","NA","NA","0"
"p-cresol glucuronide","p-Cresol glucuronide","HMDB0011686","154035","87986",NA,NA,"CC1=CC=C(O[C@@H]2O[C@@H]([C@@H](O)[C@H](O)[C@H]2O)C(O)=O)C=C1","1"
"6-hydroxyindole sulfate","6-Hydroxyindole sulfate","HMDB0240651","122198196","133568",NA,NA,"OS(=O)(=O)OC1=CC=C2C=CNC2=C1","1"
"sphingomyelin (d18:1/20:0, d16:1/22:0)","NA","NA","NA","NA","NA","NA","NA","0"
"sphingomyelin (d18:1/20:1, d18:2/20:0)","NA","NA","NA","NA","NA","NA","NA","0"
"sphingomyelin (d18:1/20:2, d18:2/20:1, d16:1/22:2)","NA","NA","NA","NA","NA","NA","NA","0"
"behenoyl sphingomyelin (d18:1/22:0)","SM(d18:1/22:0)","HMDB0012103","44260125","74532","C00550",NA,"CCCCCCCCCCCCCCCCCCCCCC(=O)N[C@@H](COP([O-])(=O)OCC[N+](C)(C)C)[C@H](O)\C=C\CCCCCCCCCCCCC","1"
"sphingomyelin (d18:1/22:1, d18:2/22:0, d16:1/24:1)","NA","NA","NA","NA","NA","NA","NA","0"
"sphingomyelin (d18:1/22:2, d18:2/22:1, d16:1/24:2)","NA","NA","NA","NA","NA","NA","NA","0"
"lignoceroyl sphingomyelin (d18:1/24:0)","NA","NA","NA","NA","NA","NA","NA","0"
"sphingomyelin (d17:1/16:0, d18:1/15:0, d16:1/17:0)","NA","NA","NA","NA","NA","NA","NA","0"
"dopamine 4-sulfate","Dopamine 4-sulfate","HMDB0004148","123932","34729","C13691",NA,"NCCC1=CC=C(OS(O)(=O)=O)C(O)=C1","1"
"dopamine 3-o-sulfate","Dopamine 3-O-sulfate","HMDB0006275","122136","37946","C13690",NA,"NCCC1=CC(OS(O)(=O)=O)=C(O)C=C1","1"
"3-hydroxyhexanoate","(R)-3-Hydroxyhexanoic acid","HMDB0010718","10197713",NA,NA,NA,"CCC[C@@H](O)CC(O)=O","1"
"3beta-hydroxy-5-cholestenoate","3beta-Hydroxy-5-cholestenoic acid","HMDB0012453","40579073","86378","C17333",NA,"[H][C@@]1(CC[C@@]2([H])[C@]3([H])CC=C4C[C@@H](O)CC[C@]4(C)[C@@]3([H])CC[C@]12C)[C@H](C)CCC[C@@H](C)C(O)=O","1"
"1,2,3-benzenetriol sulfate (2)","NA","NA","NA","NA","NA","NA","NA","0"
"3-methoxycatechol sulfate (1)","NA","NA","NA","NA","NA","NA","NA","0"
"n-acetylkynurenine (2)","NA","NA","NA","NA","NA","NA","NA","0"
"c-glycosyltryptophan","C-Glycosyltryptophan",NA,"21775807",NA,NA,NA,NA,"1"
"arabitol/xylitol","NA","NA","NA","NA","NA","NA","NA","0"
"n-acetylglucosamine/n-acetylgalactosamine","NA","NA","NA","NA","NA","NA","NA","0"
"adipoylcarnitine (c6-dc)","NA","NA","NA","NA","NA","NA","NA","0"
"nonanoylcarnitine (c9)","NA","NA","NA","NA","NA","NA","NA","0"
"suberoylcarnitine (c8-dc)","NA","NA","NA","NA","NA","NA","NA","0"
"glycochenodeoxycholate 3-sulfate","NA","NA","NA","NA","NA","NA","NA","0"
"glycodeoxycholate 3-sulfate","NA","NA","NA","NA","NA","NA","NA","0"
"taurodeoxycholic acid 3-sulfate","NA","NA","NA","NA","NA","NA","NA","0"
"trans-3,4-methyleneheptanoate","NA","NA","NA","NA","NA","NA","NA","0"
"linoleoyl ethanolamide","Linoleoyl ethanolamide","HMDB0012252","5283446","64032",NA,NA,"CCCCC\C=C/C\C=C/CCCCCCCC(=O)NCCO","1"
"1,2-dilinoleoyl-gpc (18:2/18:2)","NA","NA","NA","NA","NA","NA","NA","0"
"1-stearoyl-2-oleoyl-gpc (18:0/18:1)","PC(18:0/18:1(9Z))","HMDB0008038","24778825","75034","C00157",NA,"[H][C@@](COC(=O)CCCCCCCCCCCCCCCCC)(COP([O-])(=O)OCC[N+](C)(C)C)OC(=O)CCCCCCC\C=C/CCCCCCCC","1"
"1-palmitoyl-2-arachidonoyl-gpc (16:0/20:4n6)","NA","NA","NA","NA","NA","NA","NA","0"
"1-palmitoyl-2-docosahexaenoyl-gpc (16:0/22:6)","PC(38:6)","HMDB0007991","6441886","74963","C00157",NA,"CCCCCCCCCCCCCCCC(=O)OC[C@]([H])(COP([O-])(=O)OCC[N+](C)(C)C)OC(=O)CC\C=C/C\C=C/C\C=C/C\C=C/C\C=C/C\C=C/CC","1"
"1-stearoyl-2-docosahexaenoyl-gpc (18:0/22:6)","PC(40:6)","HMDB0008057","24778876","84829","C00157",NA,"CCCCCCCCCCCCCCCCCC(=O)OC[C@]([H])(COP([O-])(=O)OCC[N+](C)(C)C)OC(=O)CC\C=C/C\C=C/C\C=C/C\C=C/C\C=C/C\C=C/CC","1"
"1-(1-enyl-stearoyl)-2-oleoyl-gpc (p-18:0/18:1)","PC(P-18:0/18:1(9Z))","HMDB0011243","42607428","86241",NA,NA,"CCCCCCCCCCCCCCCC\C=C/OC[C@]([H])(COP([O-])(=O)OCC[N+](C)(C)C)OC(=O)CCCCCCC\C=C/CCCCCCCC","1"
"1-(1-enyl-stearoyl)-2-arachidonoyl-gpc (p-18:0/20:4)","NA","NA","NA","NA","NA","NA","NA","0"
"1-(1-enyl-stearoyl)-2-oleoyl-gpe (p-18:0/18:1)","NA","NA","NA","NA","NA","NA","NA","0"
"sphingomyelin (d18:1/17:0, d17:1/18:0, d19:1/16:0)","NA","NA","NA","NA","NA","NA","NA","0"
"1-palmitoyl-2-stearoyl-gpc (16:0/18:0)","PC(16:0/18:0)","HMDB0007970","24778686","73000","C00157",NA,"[H][C@@](COC(=O)CCCCCCCCCCCCCCC)(COP([O-])(=O)OCC[N+](C)(C)C)OC(=O)CCCCCCCCCCCCCCCCC","1"
"2-hydroxybutyrate/2-hydroxyisobutyrate","NA","NA","NA","NA","NA","NA","NA","0"
"2-methylcitrate/homocitrate","NA","NA","NA","NA","NA","NA","NA","0"
"oleate/vaccenate (18:1)","NA","NA","NA","NA","NA","NA","NA","0"
"isoleucylleucine/leucylisoleucine","NA","NA","NA","NA","NA","NA","NA","0"
"1-palmitoleoylglycerol (16:1)","NA","NA","NA","NA","NA","NA","NA","0"
"palmitoyl dihydrosphingomyelin (d18:0/16:0)","SM(d18:0/16:0)","HMDB0010168","9939965","78647","C00550",NA,"[H][C@@](COP([O-])(=O)OCC[N+](C)(C)C)(NC(=O)CCCCCCCCCCCCCCC)[C@H](O)CCCCCCCCCCCCCCC","1"
"tricosanoyl sphingomyelin (d18:1/23:0)","NA","NA","NA","NA","NA","NA","NA","0"
"sphingomyelin (d18:2/23:0, d18:1/23:1, d17:1/24:1)","NA","NA","NA","NA","NA","NA","NA","0"
"sphingomyelin (d18:2/24:1, d18:1/24:2)","NA","NA","NA","NA","NA","NA","NA","0"
"1-stearoyl-2-linoleoyl-gpe (18:0/18:2)","NA","NA","NA","NA","NA","NA","NA","0"
"1-stearoyl-2-arachidonoyl-gpe (18:0/20:4)","PE(18:0/20:4(5Z,8Z,11Z,14Z))","HMDB0009003","5289133","78268","C00350",NA,"[H][C@@](COC(=O)CCCCCCCCCCCCCCCCC)(COP(O)(=O)OCCN)OC(=O)CCC\C=C/C\C=C/C\C=C/C\C=C/CCCCC","1"
"1-stearoyl-2-linoleoyl-gpc (18:0/18:2)","PC(18:0/18:2(9Z,12Z))","HMDB0008039","6441487","84822","C00157",NA,"CCCCCCCCCCCCCCCCCC(=O)OC[C@]([H])(COP([O-])(=O)OCC[N+](C)(C)C)OC(=O)CCCCCCC\C=C/C\C=C/CCCCC","1"
"1-palmitoyl-2-palmitoleoyl-gpc (16:0/16:1)","PC(16:0/16:1(9Z))","HMDB0007969","6443788","74000","C00157",NA,"CCCCCCCCCCCCCCCC(=O)OC[C@]([H])(COP([O-])(=O)OCC[N+](C)(C)C)OC(=O)CCCCCCC\C=C/CCCCCC","1"
"1-palmitoyl-2-eicosapentaenoyl-gpc (16:0/20:5)","PC(16:0/20:5(5Z,8Z,11Z,14Z,17Z))","HMDB0007984","24778723","86137","C00157",NA,"CCCCCCCCCCCCCCCC(=O)OC[C@]([H])(COP([O-])(=O)OCC[N+](C)(C)C)OC(=O)CCC\C=C/C\C=C/C\C=C/C\C=C/C\C=C/CC","1"
"1-palmitoyl-2-arachidonoyl-gpe (16:0/20:4)","PE(16:0/20:4(5Z,8Z,11Z,14Z))","HMDB0008937","9546800","73009","C00350",NA,"[H][C@@](COC(=O)CCCCCCCCCCCCCCC)(COP(O)(=O)OCCN)OC(=O)CCC\C=C/C\C=C/C\C=C/C\C=C/CCCCC","1"
"1-palmitoyl-2-docosahexaenoyl-gpe (16:0/22:6)","PE(16:0/22:6(4Z,7Z,10Z,13Z,16Z,19Z))","HMDB0008946","9546799","78261","C00350",NA,"[H][C@@](COC(=O)CCCCCCCCCCCCCCC)(COP(O)(=O)OCCN)OC(=O)CC\C=C/C\C=C/C\C=C/C\C=C/C\C=C/C\C=C/CC","1"
"1-stearoyl-2-docosahexaenoyl-gpe (18:0/22:6)","PE(18:0/22:6(4Z,7Z,10Z,13Z,16Z,19Z))","HMDB0009012","9546798","78266","C00350",NA,"[H][C@@](COC(=O)CCCCCCCCCCCCCCCCC)(COP(O)(=O)OCCN)OC(=O)CC\C=C/C\C=C/C\C=C/C\C=C/C\C=C/C\C=C/CC","1"
"1-palmitoyl-2-arachidonoyl-gpi (16:0/20:4)","NA","NA","NA","NA","NA","NA","NA","0"
"1-stearoyl-2-linoleoyl-gpi (18:0/18:2)","NA","NA","NA","NA","NA","NA","NA","0"
"gamma-tocopherol/beta-tocopherol","NA","NA","NA","NA","NA","NA","NA","0"
"1-(1-enyl-stearoyl)-2-arachidonoyl-gpe (p-18:0/20:4)","NA","NA","NA","NA","NA","NA","NA","0"
"1-(1-enyl-palmitoyl)-2-docosahexaenoyl-gpe (p-16:0/22:6)","NA","NA","NA","NA","NA","NA","NA","0"
"1-(1-enyl-palmitoyl)-2-arachidonoyl-gpe (p-16:0/20:4)","NA","NA","NA","NA","NA","NA","NA","0"
"1-(1-enyl-stearoyl)-2-docosahexaenoyl-gpe (p-18:0/22:6)","NA","NA","NA","NA","NA","NA","NA","0"
"1-(1-enyl-palmitoyl)-2-oleoyl-gpe (p-16:0/18:1)","NA","NA","NA","NA","NA","NA","NA","0"
"1-(1-enyl-palmitoyl)-2-dihomo-linolenoyl-gpc (p-16:0/20:3)","NA","NA","NA","NA","NA","NA","NA","0"
"1-(1-enyl-palmitoyl)-2-oleoyl-gpc (p-16:0/18:1)","NA","NA","NA","NA","NA","NA","NA","0"
"1-(1-enyl-palmitoyl)-2-docosahexaenoyl-gpc (p-16:0/22:6)","NA","NA","NA","NA","NA","NA","NA","0"
"1-(1-enyl-palmitoyl)-2-linoleoyl-gpc (p-16:0/18:2)","PC(P-16:0/18:2(9Z,12Z))","HMDB0011211","24779386","84557",NA,NA,"CCCCCCCCCCCCCC\C=C/OC[C@]([H])(COP([O-])(=O)OCC[N+](C)(C)C)OC(=O)CCCCCCC\C=C/C\C=C/CCCCC","1"
"1-(1-enyl-palmitoyl)-2-arachidonoyl-gpc (p-16:0/20:4)","PC(P-16:0/20:4(5Z,8Z,11Z,14Z))","HMDB0011220","24779388","77292",NA,NA,"CCCCCCCCCCCCCC\C=C/OC[C@]([H])(COP([O-])(=O)OCC[N+](C)(C)C)OC(=O)CCC\C=C/C\C=C/C\C=C/C\C=C/CCCCC","1"
"1-(1-enyl-stearoyl)-2-docosahexaenoyl-gpc (p-18:0/22:6)","PC(P-18:0/22:6(4Z,7Z,10Z,13Z,16Z,19Z))","HMDB0011262","42607430","133664",NA,NA,"CCCCCCCCCCCCCCCC\C=C/OC[C@]([H])(COP([O-])(=O)OCC[N+](C)(C)C)OC(=O)CC\C=C/C\C=C/C\C=C/C\C=C/C\C=C/C\C=C/CC","1"
"1-stearyl-2-arachidonoyl-gpc (o-18:0/20:4)","NA","NA","NA","NA","NA","NA","NA","0"
"1-palmityl-2-oleoyl-gpc (o-16:0/18:1)","NA","NA","NA","NA","NA","NA","NA","0"
"1-palmityl-2-arachidonoyl-gpc (o-16:0/20:4)","NA","NA","NA","NA","NA","NA","NA","0"
"sphingomyelin (d18:1/21:0, d17:1/22:0, d16:1/23:0)","NA","NA","NA","NA","NA","NA","NA","0"
"behenoyl dihydrosphingomyelin (d18:0/22:0)","NA","NA","NA","NA","NA","NA","NA","0"
"sphingomyelin (d18:0/18:0, d19:0/17:0)","NA","NA","NA","NA","NA","NA","NA","0"
"n-palmitoyl-sphinganine (d18:0/16:0)","NA","NA","NA","NA","NA","NA","NA","0"
"lactosyl-n-palmitoyl-sphingosine (d18:1/16:0)","NA","NA","NA","NA","NA","NA","NA","0"
"1-pentadecanoyl-2-linoleoyl-gpc (15:0/18:2)","PC(15:0/18:2(9Z,12Z))","HMDB0007940","24778664","133617","C00157",NA,"CCCCCCCCCCCCCCC(=O)OC[C@]([H])(COP([O-])(=O)OCC[N+](C)(C)C)OC(=O)CCCCCCC\C=C/C\C=C/CCCCC","1"
"1-margaroyl-2-oleoyl-gpc (17:0/18:1)","NA","NA","NA","NA","NA","NA","NA","0"
"1-margaroyl-2-linoleoyl-gpc (17:0/18:2)","NA","NA","NA","NA","NA","NA","NA","0"
"myristoyl dihydrosphingomyelin (d18:0/14:0)","NA","NA","NA","NA","NA","NA","NA","0"
"phenylacetylglutamate","NA","NA","NA","NA","NA","NA","NA","0"
"1-stearoyl-2-dihomo-linolenoyl-gpc (18:0/20:3n3 or 6)","NA","NA","NA","NA","NA","NA","NA","0"
"palmitoyl-linoleoyl-glycerol (16:0/18:2) [1]","NA","NA","NA","NA","NA","NA","NA","0"
"palmitoyl-linoleoyl-glycerol (16:0/18:2) [2]","NA","NA","NA","NA","NA","NA","NA","0"
"1-palmitoyl-2-oleoyl-gpi (16:0/18:1)","NA","NA","NA","NA","NA","NA","NA","0"
"1-stearoyl-2-docosahexaenoyl-gpi (18:0/22:6)","NA","NA","NA","NA","NA","NA","NA","0"
"1-(1-enyl-palmitoyl)-2-linoleoyl-gpe (p-16:0/18:2)","NA","NA","NA","NA","NA","NA","NA","0"
"1-oleoyl-2-linoleoyl-gpe (18:1/18:2)","PE(18:1(9Z)/18:2(9Z,12Z))","HMDB0009060","9546753","74977","C00350",NA,"[H][C@@](COC(=O)CCCCCCC\C=C/CCCCCCCC)(COP(O)(=O)OCCN)OC(=O)CCCCCCC\C=C/C\C=C/CCCCC","1"
"1-pentadecanoyl-2-arachidonoyl-gpc (15:0/20:4)","NA","NA","NA","NA","NA","NA","NA","0"
"1-pentadecanoyl-2-docosahexaenoyl-gpc (15:0/22:6)","NA","NA","NA","NA","NA","NA","NA","0"
"1-margaroyl-2-arachidonoyl-gpc (17:0/20:4)","NA","NA","NA","NA","NA","NA","NA","0"
"1-margaroyl-2-docosahexaenoyl-gpc (17:0/22:6)","NA","NA","NA","NA","NA","NA","NA","0"
"1-arachidoyl-2-arachidonoyl-gpc (20:0/20:4)","NA","NA","NA","NA","NA","NA","NA","0"
"1-oleoyl-2-docosahexaenoyl-gpc (18:1/22:6)","PC(18:1(9Z)/22:6(4Z,7Z,10Z,13Z,16Z,19Z))","HMDB0008123","24778955","84814","C00157",NA,"CCCCCCCC\C=C/CCCCCCCC(=O)OC[C@]([H])(COP([O-])(=O)OCC[N+](C)(C)C)OC(=O)CC\C=C/C\C=C/C\C=C/C\C=C/C\C=C/C\C=C/CC","1"
"1-linoleoyl-2-docosahexaenoyl-gpc (18:2/22:6)","NA","NA","NA","NA","NA","NA","NA","0"
"1-palmityl-2-linoleoyl-gpc (o-16:0/18:2)","NA","NA","NA","NA","NA","NA","NA","0"
"1-(1-enyl-stearoyl)-2-linoleoyl-gpc (p-18:0/18:2)","PC(P-18:0/18:2(9Z,12Z))","HMDB0011244","52923944","84555",NA,NA,"CCCCCCCCCCCCCCCC\C=C/OC[C@]([H])(COP([O-])(=O)OCC[N+](C)(C)C)OC(=O)CCCCCCC\C=C/C\C=C/CCCCC","1"
"1-myristoyl-2-linoleoyl-gpc (14:0/18:2)","NA","NA","NA","NA","NA","NA","NA","0"
"1-myristoyl-2-arachidonoyl-gpc (14:0/20:4)","NA","NA","NA","NA","NA","NA","NA","0"
"1-myristoyl-2-docosahexaenoyl-gpc (14:0/22:6)","NA","NA","NA","NA","NA","NA","NA","0"
"1-stearoyl-2-docosapentaenoyl-gpc (18:0/22:5n3)","NA","NA","NA","NA","NA","NA","NA","0"
"1-stearoyl-2-docosapentaenoyl-gpc (18:0/22:5n6)","NA","NA","NA","NA","NA","NA","NA","0"
"1-palmitoyl-2-adrenoyl-gpc (16:0/22:4)","NA","NA","NA","NA","NA","NA","NA","0"
"1-stearoyl-2-adrenoyl-gpc (18:0/22:4)","NA","NA","NA","NA","NA","NA","NA","0"
"1-stearyl-gpc (o-18:0)","LysoPC(O-18:0/0:0)","HMDB0011149","2733532","75216","C04317",NA,"CCCCCCCCCCCCCCCCCCOC[C@@H](O)COP([O-])(=O)OCC[N+](C)(C)C","1"
"1-oleoyl-2-dihomo-linolenoyl-gpc (18:1/20:3)","NA","NA","NA","NA","NA","NA","NA","0"
"1-(1-enyl-palmitoyl)-2-palmitoleoyl-gpc (p-16:0/16:1)","PC(P-16:0/16:1(9Z))","HMDB0011207","52923882","84562",NA,NA,"CCCCCCCCCCCCCC\C=C/OC[C@]([H])(COP([O-])(=O)OCC[N+](C)(C)C)OC(=O)CCCCCCC\C=C/CCCCCC","1"
"1-(1-enyl-palmitoyl)-2-myristoyl-gpc (p-16:0/14:0)","PC(P-16:0/14:0)","HMDB0011203","52923874","133669",NA,NA,"CCCCCCCCCCCCCC\C=C/OC[C@]([H])(COP([O-])(=O)OCC[N+](C)(C)C)OC(=O)CCCCCCCCCCCCC","1"
"1-(1-enyl-palmitoyl)-2-palmitoyl-gpc (p-16:0/16:0)","PC(P-16:0/16:0)","HMDB0011206","11146967","133672",NA,NA,"CCCCCCCCCCCCCCCC(=O)O[C@]([H])(CO\C=C/CCCCCCCCCCCCCC)COP([O-])(=O)OCC[N+](C)(C)C","1"
"phosphatidylcholine (16:0/22:5n3, 18:1/20:4)","NA","NA","NA","NA","NA","NA","NA","0"
"phosphatidylcholine (18:0/20:5, 16:0/22:5n6)","NA","NA","NA","NA","NA","NA","NA","0"
"1-stearoyl-2-oleoyl-gpi (18:0/18:1)","NA","NA","NA","NA","NA","NA","NA","0"
"1-stearoyl-2-dihomo-linolenoyl-gpi (18:0/20:3n3 or 6)","NA","NA","NA","NA","NA","NA","NA","0"
"1-palmitoyl-2-eicosapentaenoyl-gpe (16:0/20:5)","NA","NA","NA","NA","NA","NA","NA","0"
"1-stearoyl-2-dihomo-linolenoyl-gpe (18:0/20:3n3 or 6)","NA","NA","NA","NA","NA","NA","NA","0"
"1,2-dilinoleoyl-gpe (18:2/18:2)","NA","NA","NA","NA","NA","NA","NA","0"
"1-oleoyl-2-arachidonoyl-gpe (18:1/20:4)","NA","NA","NA","NA","NA","NA","NA","0"
"1-(1-enyl-stearoyl)-2-linoleoyl-gpe (p-18:0/18:2)","NA","NA","NA","NA","NA","NA","NA","0"
"1-linoleoyl-gpg (18:2)","NA","NA","NA","NA","NA","NA","NA","0"
"thioproline","Thioproline","HMDB0062164","93176","45171",NA,NA,"OC(=O)[C@@H]1CSCN1","1"
"palmitoylcholine","Palmitoylcholine","HMDB0240592","151731","133677",NA,NA,"CCCCCCCCCCCCCCCC(=O)OCC[N+](C)(C)C","1"
"glycocholate glucuronide (1)","NA","NA","NA","NA","NA","NA","NA","0"
"glycochenodeoxycholate glucuronide (1)","NA","NA","NA","NA","NA","NA","NA","0"
"(s)-3-hydroxybutyrylcarnitine","3-Hydroxybutyrylcarnitine","HMDB0013127","53481617","72995",NA,NA,"C[C@@H](O)CC(=O)O[C@@H](CC([O-])=O)C[N+](C)(C)C","1"
"glycosyl-n-palmitoyl-sphingosine (d18:1/16:0)","NA","NA","NA","NA","NA","NA","NA","0"
"methylsuccinoylcarnitine","NA","NA","NA","NA","NA","NA","NA","0"
"oleoylcholine","Oleoylcholine","HMDB0240596","59040790","133693",NA,NA,"CCCCCCCC\C=C/CCCCCCCC(=O)OCC[N+](C)(C)C","1"
"arachidonoylcholine","Arachidonoylcholine","HMDB0240583","122198216","133694",NA,NA,"CCCCC\C=C/C\C=C/C\C=C/C\C=C/CCCC(=O)OCC[N+](C)(C)C","1"
"docosahexaenoylcholine","Docosahexaenoylcholine","HMDB0240647","9823108",NA,NA,NA,"CC\C=C/C\C=C/C\C=C/C\C=C/C\C=C/C\C=C/CCC(=O)OCC[N+](C)(C)C","1"
"dihomo-linolenoyl-choline","Dihomo-gamma-linolenoylcholine","HMDB0240646",NA,NA,NA,NA,"CCCCC\C=C/C\C=C/C\C=C/CCCCCCC(=O)OCC[N+](C)(C)C","1"
"1-linoleoyl-2-linolenoyl-gpc (18:2/18:3)","NA","NA","NA","NA","NA","NA","NA","0"
"1-palmitoleoyl-2-linolenoyl-gpc (16:1/18:3)","NA","NA","NA","NA","NA","NA","NA","0"
"phosphatidylcholine (14:0/14:0, 16:0/12:0)","NA","NA","NA","NA","NA","NA","NA","0"
"phosphatidylcholine (15:0/18:1, 17:0/16:1, 16:0/17:1)","NA","NA","NA","NA","NA","NA","NA","0"
"1-oleoyl-2-dihomo-linoleoyl-gpc (18:1/20:2)","NA","NA","NA","NA","NA","NA","NA","0"
"phosphatidylcholine (18:0/20:2, 20:0/18:2)","NA","NA","NA","NA","NA","NA","NA","0"
"1-(1-enyl-oleoyl)-2-docosahexaenoyl-gpe (p-18:1/22:6)","NA","NA","NA","NA","NA","NA","NA","0"
"1-(1-enyl-stearoyl)-2-dihomo-linolenoyl-gpe (p-18:0/20:3)","NA","NA","NA","NA","NA","NA","NA","0"
"hexadecadienoate (16:2n6)","NA","NA","NA","NA","NA","NA","NA","0"
"palmitoleoylcarnitine (c16:1)","NA","NA","NA","NA","NA","NA","NA","0"
"pimeloylcarnitine/3-methyladipoylcarnitine (c7-dc)","NA","NA","NA","NA","NA","NA","NA","0"
"4-hydroxyphenylacetylglutamine","4-hydroxyphenylacetylglutamine","HMDB0341271",NA,NA,NA,NA,"OC(=O)CCC(N=C(O)CC1=CC=C(O)C=C1)C(O)=O","1"
"2,3-dihydroxy-2-methylbutyrate","NA","NA","NA","NA","NA","NA","NA","0"
"2'-o-methylcytidine","2'-O-Methylcytidine","HMDB0242132","150971","19228",NA,NA,"[H][C@]1(CO)O[C@@]([H])(N2C=CC(=N)N=C2O)[C@]([H])(OC)[C@]1([H])O","1"
"2'-o-methyluridine","2'-O-Methyluridine","HMDB0240328","102212","19227",NA,NA,"CO[C@@H]1[C@H](O)[C@@H](CO)O[C@H]1N1C=CC(=O)NC1=O","1"
"gamma-glutamyl-alpha-lysine","NA","NA","NA","NA","NA","NA","NA","0"
"palmitoyl-oleoyl-glycerol (16:0/18:1) [2]","NA","NA","NA","NA","NA","NA","NA","0"
"oleoyl-oleoyl-glycerol (18:1/18:1)  [1]","NA","NA","NA","NA","NA","NA","NA","0"
"oleoyl-oleoyl-glycerol (18:1/18:1) [2]","NA","NA","NA","NA","NA","NA","NA","0"
"linoleoyl-arachidonoyl-glycerol (18:2/20:4) [1]","NA","NA","NA","NA","NA","NA","NA","0"
"palmitoyl-arachidonoyl-glycerol (16:0/20:4) [2]","NA","NA","NA","NA","NA","NA","NA","0"
"linoleoyl-linolenoyl-glycerol (18:2/18:3) [2]","NA","NA","NA","NA","NA","NA","NA","0"
"palmitoleoyl-linoleoyl-glycerol (16:1/18:2) [1]","NA","NA","NA","NA","NA","NA","NA","0"
"oleoyl-arachidonoyl-glycerol (18:1/20:4) [1]","NA","NA","NA","NA","NA","NA","NA","0"
"oleoyl-arachidonoyl-glycerol (18:1/20:4) [2]","NA","NA","NA","NA","NA","NA","NA","0"
"diacylglycerol (16:1/18:2 [2], 16:0/18:3 [1])","NA","NA","NA","NA","NA","NA","NA","0"
"linoleoyl-linoleoyl-glycerol (18:2/18:2) [1]","NA","NA","NA","NA","NA","NA","NA","0"
"stearoyl-arachidonoyl-glycerol (18:0/20:4) [1]","NA","NA","NA","NA","NA","NA","NA","0"
"stearoyl-arachidonoyl-glycerol (18:0/20:4) [2]","NA","NA","NA","NA","NA","NA","NA","0"
"perfluorooctanesulfonate (pfos)","NA","NA","NA","NA","NA","NA","NA","0"
"1-palmityl-gpe (o-16:0)","NA","NA","NA","NA","NA","NA","NA","0"
"1-palmityl-2-stearoyl-gpc (o-16:0/18:0)","NA","NA","NA","NA","NA","NA","NA","0"
"1-palmityl-2-palmitoyl-gpc (o-16:0/16:0)","NA","NA","NA","NA","NA","NA","NA","0"
"1-stearyl-2-docosapentaenoyl-gpc (o-18:0/22:5n3)","NA","NA","NA","NA","NA","NA","NA","0"
"1-stearoyl-2-docosapentaenoyl-gpe (18:0/22:5n3)","NA","NA","NA","NA","NA","NA","NA","0"
"1-stearoyl-2-docosapentaenoyl-gpe (18:0/22:5n6)","NA","NA","NA","NA","NA","NA","NA","0"
"1-stearoyl-2-adrenoyl-gpe (18:0/22:4)","NA","NA","NA","NA","NA","NA","NA","0"
"1-(1-enyl-stearoyl)-2-docosapentaenoyl-gpe (p-18:0/22:5n3)","NA","NA","NA","NA","NA","NA","NA","0"
"1-palmitoleoyl-2-eicosapentaenoyl-gpc (16:1/20:5)","NA","NA","NA","NA","NA","NA","NA","0"
"palmitoyl-docosahexaenoyl-glycerol (16:0/22:6) [1]","NA","NA","NA","NA","NA","NA","NA","0"
"lactosyl-n-nervonoyl-sphingosine (d18:1/24:1)","NA","NA","NA","NA","NA","NA","NA","0"
"n-behenoyl-sphingadienine (d18:2/22:0)","NA","NA","NA","NA","NA","NA","NA","0"
"glycosyl-n-behenoyl-sphingadienine (d18:2/22:0)","NA","NA","NA","NA","NA","NA","NA","0"
"n-palmitoylserine","NA","NA","NA","NA","NA","NA","NA","0"
"palmitoleoyl-arachidonoyl-glycerol (16:1/20:4) [2]","NA","NA","NA","NA","NA","NA","NA","0"
"phosphatidylethanolamine (p-18:1/20:4, p-16:0/22:5n3)","NA","NA","NA","NA","NA","NA","NA","0"
"1-palmitoyl-2-(hydroxylinoleoyl)-gpc (16:0/18:2(oh))","NA","NA","NA","NA","NA","NA","NA","0"
"ceramide (d16:1/24:1, d18:1/22:1)","NA","NA","NA","NA","NA","NA","NA","0"
"ceramide (d18:1/14:0, d16:1/16:0)","NA","NA","NA","NA","NA","NA","NA","0"
"ceramide (d18:1/17:0, d17:1/18:0)","NA","NA","NA","NA","NA","NA","NA","0"
"ceramide (d18:2/24:1, d18:1/24:2)","NA","NA","NA","NA","NA","NA","NA","0"
"glycosyl ceramide (d18:2/24:1, d18:1/24:2)","NA","NA","NA","NA","NA","NA","NA","0"
"ceramide (d18:1/20:0, d16:1/22:0, d20:1/18:0)","NA","NA","NA","NA","NA","NA","NA","0"
"stearoylcholine","Stearoylcholine","HMDB0240648","90111",NA,NA,NA,"CCCCCCCCCCCCCCCCCC(=O)OCC[N+](C)(C)C","1"
"linoleoylcholine","NA","NA","NA","NA","NA","NA","NA","0"
"sphingomyelin (d18:0/20:0, d16:0/22:0)","NA","NA","NA","NA","NA","NA","NA","0"
"sphingomyelin (d18:1/19:0, d19:1/18:0)","NA","NA","NA","NA","NA","NA","NA","0"
"sphingomyelin (d18:2/18:1)","NA","NA","NA","NA","NA","NA","NA","0"
"sphingomyelin (d18:2/24:2)","SM(d18:2(4E,14Z)/24:2(5Z,9Z))","HMDB0240644",NA,NA,NA,NA,"[H][C@@](COP([O-])(=O)OCC[N+](C)(C)C)(NC(=O)CCC\C=C/CC\C=C/CCCCCCCCCCCCCC)[C@H](O)\C=C\CCCCCCCC\C=C/CCC","1"
"sphingomyelin (d18:2/21:0, d16:2/23:0)","NA","NA","NA","NA","NA","NA","NA","0"
"sphingomyelin (d18:2/23:1)","SM(d18:2(4E,14Z)/23:1(9Z))","HMDB0240668",NA,NA,NA,NA,"[H][C@@](COP([O-])(=O)OCC[N+](C)(C)C)(NC(=O)CCCCCCC\C=C/CCCCCCCCCCCCC)[C@H](O)\C=C\CCCCCCCC\C=C/CCC","1"
"sphingomyelin (d18:1/25:0, d19:0/24:1, d20:1/23:0, d19:1/24:0)","NA","NA","NA","NA","NA","NA","NA","0"
"sphingomyelin (d17:2/16:0, d18:2/15:0)","NA","NA","NA","NA","NA","NA","NA","0"
"linolenoylcarnitine (c18:3)","NA","NA","NA","NA","NA","NA","NA","0"
"behenoylcarnitine (c22)","NA","NA","NA","NA","NA","NA","NA","0"
"arachidoylcarnitine (c20)","NA","NA","NA","NA","NA","NA","NA","0"
"lignoceroylcarnitine (c24)","NA","NA","NA","NA","NA","NA","NA","0"
"cerotoylcarnitine (c26)","NA","NA","NA","NA","NA","NA","NA","0"
"ximenoylcarnitine (c26:1)","NA","NA","NA","NA","NA","NA","NA","0"
"arachidonoylcarnitine (c20:4)","NA","NA","NA","NA","NA","NA","NA","0"
"eicosenoylcarnitine (c20:1)","NA","NA","NA","NA","NA","NA","NA","0"
"dihomo-linoleoylcarnitine (c20:2)","NA","NA","NA","NA","NA","NA","NA","0"
"dihomo-linolenoylcarnitine (c20:3n3 or 6)","NA","NA","NA","NA","NA","NA","NA","0"
"docosahexaenoylcarnitine (c22:6)","NA","NA","NA","NA","NA","NA","NA","0"
"nervonoylcarnitine (c24:1)","NA","NA","NA","NA","NA","NA","NA","0"
"adrenoylcarnitine (c22:4)","NA","NA","NA","NA","NA","NA","NA","0"
"docosapentaenoylcarnitine (c22:5n3)","NA","NA","NA","NA","NA","NA","NA","0"
"1-lignoceroyl-2-arachidonoyl-gpc (24:0/20:4)","NA","NA","NA","NA","NA","NA","NA","0"
"n,n,n-trimethyl-5-aminovalerate","NA","NA","NA","NA","NA","NA","NA","0"
"ethyl alpha-glucopyranoside","NA","NA","NA","NA","NA","NA","NA","0"
"carotene diol (1)","NA","NA","NA","NA","NA","NA","NA","0"
"carotene diol (2)","NA","NA","NA","NA","NA","NA","NA","0"
"carotene diol (3)","NA","NA","NA","NA","NA","NA","NA","0"
"cortolone glucuronide (1)","NA","NA","NA","NA","NA","NA","NA","0"
"(n(1) + n(8))-acetylspermidine","NA","NA","NA","NA","NA","NA","NA","0"
"5-dodecenoylcarnitine (c12:1)","NA","NA","NA","NA","NA","NA","NA","0"
"2-butenoylglycine","2-Butenoylglycine","HMDB0341232","6303498",NA,NA,NA,"[H]\C(C)=C(\[H])C(O)=NCC(O)=O","1"
"hydroxy-cmpf","NA","NA","NA","NA","NA","NA","NA","0"
"trans-2-hexenoylglycine","NA","NA","NA","NA","NA","NA","NA","0"
"dodecenedioate (c12:1-dc)","NA","NA","NA","NA","NA","NA","NA","0"
"hexadecenedioate (c16:1-dc)","NA","NA","NA","NA","NA","NA","NA","0"
"octadecenedioate (c18:1-dc)","NA","NA","NA","NA","NA","NA","NA","0"
"octadecadienedioate (c18:2-dc)","NA","NA","NA","NA","NA","NA","NA","0"
"3-carboxy-4-methyl-5-pentyl-2-furanpropionate (3-cmpfp)*","NA","NA","NA","NA","NA","NA","NA","0"
"glucuronide of c10h18o2 (7)","NA","NA","NA","NA","NA","NA","NA","0"
"3-hydroxystachydrine","3-hydroxystachydrine","HMDB0341257",NA,NA,NA,NA,"C[N+]1(C)CCC(O)[C@H]1C([O-])=O","1"
"n-acetyl-2-aminooctanoate","NA","NA","NA","NA","NA","NA","NA","0"
"hydroxyasparagine*","NA","NA","NA","NA","NA","NA","NA","0"
"perfluorooctanoate (pfoa)","NA","NA","NA","NA","NA","NA","NA","0"
"glyco-beta-muricholate*","NA","NA","NA","NA","NA","NA","NA","0"
"3-formylindole","Indole-3-carboxaldehyde","HMDB0029737","10256","28238","C08493",NA,"O=CC1=CNC2=C1C=CC=C2","1"
"pyroglutamylalanine","pyroglutamylalanine","HMDB0341378",NA,NA,NA,NA,"CC(N=C(O)C1CCC(O)=N1)C(O)=O","1"
"pyroglutamylleucine","pyroglutamylleucine","HMDB0341382",NA,NA,NA,NA,"[H][C@@](CC(C)C)(N=C(O)[C@]1([H])CCC(O)=N1)C(O)=O","1"
"gamma-glutamylcitrulline","NA","NA","NA","NA","NA","NA","NA","0"
"glycine conjugate of c10h12o2","NA","NA","NA","NA","NA","NA","NA","0"
"glycine conjugate of c10h14o2 (1)","NA","NA","NA","NA","NA","NA","NA","0"
"glutamine conjugate of c7h12o2","NA","NA","NA","NA","NA","NA","NA","0"
"glutamine conjugate of c6h10o2 (1)","NA","NA","NA","NA","NA","NA","NA","0"
"glutamine conjugate of c6h10o2 (2)","NA","NA","NA","NA","NA","NA","NA","0"
"tetradecadienoate (14:2)","NA","NA","NA","NA","NA","NA","NA","0"
"3-amino-2-piperidone","3-Amino-2-piperidone","HMDB0000323","5200225","76341",NA,"5312","NC1CCCNC1=O","1"
"n,n-dimethylalanine","NA","NA","NA","NA","NA","NA","NA","0"
"3-indoleglyoxylic acid","3-Indoleglyoxylic acid","HMDB0242143","73863",NA,NA,NA,"OC(=O)C(=O)C1=CNC2=CC=CC=C12","1"
"ethyl beta-glucopyranoside","NA","NA","NA","NA","NA","NA","NA","0"
"2-hydroxysebacate","2-Hydroxydecanedioic acid","HMDB0000424","128458","89312",NA,"5413","OC(CCCCCCCC(O)=O)C(O)=O","1"
"ascorbic acid 3-sulfate","Ascorbic acid 3-sulfate","HMDB0240641","11425365","176456",NA,NA,"[H][C@@]1(OC(=O)C(O)=C1OS(O)(=O)=O)[C@@H](O)CO","1"
"6-bromotryptophan","6-Bromo-L-tryptophan","HMDB0242168","9856996","47276",NA,NA,"[H][C@](N)(CC1=CNC2=C1C=CC(Br)=C2)C(O)=O","1"
"1-carboxyethylphenylalanine","1-Carboxyethylphenylalanine","HMDB0240628","127261991",NA,NA,NA,"C[C@@H](N[C@@H](CC1=CC=CC=C1)C(O)=O)C(O)=O","1"
"1-carboxyethylvaline","1-Carboxyethylvaline","HMDB0240627",NA,NA,NA,NA,"CC(C)[C@H](N[C@H](C)C(O)=O)C(O)=O","1"
"1-carboxyethylleucine","1-Carboxyethylleucine","HMDB0240626","53752255",NA,NA,NA,"CC(C)C[C@H](N[C@H](C)C(O)=O)C(O)=O","1"
"1-carboxyethylisoleucine","1-Carboxyethylisoleucine","HMDB0242158","146171344",NA,NA,NA,"[H]C(C)(N[C@]([H])(C(O)=O)[C@@]([H])(C)CC)C(O)=O","1"
"dodecadienoate (12:2)","NA","NA","NA","NA","NA","NA","NA","0"
"n-acetyl-isoputreanine","NA","NA","NA","NA","NA","NA","NA","0"
"glucuronide of piperine metabolite c17h21no3 (3)","NA","NA","NA","NA","NA","NA","NA","0"
"glucuronide of piperine metabolite c17h21no3 (4)","NA","NA","NA","NA","NA","NA","NA","0"
"glucuronide of piperine metabolite c17h21no3 (5)","NA","NA","NA","NA","NA","NA","NA","0"
"sulfate of piperine metabolite c16h19no3 (2)","NA","NA","NA","NA","NA","NA","NA","0"
"sulfate of piperine metabolite c16h19no3 (3)","NA","NA","NA","NA","NA","NA","NA","0"
"sulfate of piperine metabolite c18h21no3 (1)","NA","NA","NA","NA","NA","NA","NA","0"
"2-naphthol sulfate","2-Naphthol sulfate","HMDB0242152","74428","167215",NA,NA,"OS(=O)(=O)OC1=CC2=CC=CC=C2C=C1","1"
"4-ethylcatechol sulfate","NA","NA","NA","NA","NA","NA","NA","0"
"11beta-hydroxyandrosterone glucuronide","NA","NA","NA","NA","NA","NA","NA","0"
"n2-acetyl,n6,n6-dimethyllysine","NA","NA","NA","NA","NA","NA","NA","0"
"deoxycholic acid glucuronide","NA","NA","NA","NA","NA","NA","NA","0"
"4-allylcatechol sulfate","NA","NA","NA","NA","NA","NA","NA","0"
"4-methylhexanoylglutamine","NA","NA","NA","NA","NA","NA","NA","0"
"glycoursodeoxycholic acid sulfate (1)","NA","NA","NA","NA","NA","NA","NA","0"
"dihydrocaffeate sulfate (2)","NA","NA","NA","NA","NA","NA","NA","0"
"lithocholate sulfate (1)","NA","NA","NA","NA","NA","NA","NA","0"
"3-(methylthio)acetaminophen sulfate","NA","NA","NA","NA","NA","NA","NA","0"
"2-ketocaprylate","NA","NA","NA","NA","NA","NA","NA","0"
"2,3-dihydroxy-5-methylthio-4-pentenoate (dmtpa)","NA","NA","NA","NA","NA","NA","NA","0"
"3-hydroxy-2-methylpyridine sulfate","NA","NA","NA","NA","NA","NA","NA","0"
"hydroxypalmitoyl sphingomyelin (d18:1/16:0(oh))*","NA","NA","NA","NA","NA","NA","NA","0"
"tetradecadienedioate (c14:2-dc)","NA","NA","NA","NA","NA","NA","NA","0"
"pregnenetriol disulfate","NA","NA","NA","NA","NA","NA","NA","0"
"eicosenedioate (c20:1-dc)","NA","NA","NA","NA","NA","NA","NA","0"
"hydroxy-n6,n6,n6-trimethyllysine","NA","NA","NA","NA","NA","NA","NA","0"
"undecenoylcarnitine (c11:1)","NA","NA","NA","NA","NA","NA","NA","0"
"3-decenoylcarnitine","3-Decenoylcarnitine","HMDB0241067",NA,NA,NA,NA,"CCCCCCC=CCC(=O)OC(CC([O-])=O)C[N+](C)(C)C","1"
"palmitoyl-sphingosine-phosphoethanolamine (d18:1/16:0)","NA","NA","NA","NA","NA","NA","NA","0"
"4-vinylcatechol sulfate","NA","NA","NA","NA","NA","NA","NA","0"
"3,5-dichloro-2,6-dihydroxybenzoic acid","3,5-Dichloro-2,6-dihydroxybenzoic acid","HMDB0242164","24721632",NA,NA,NA,"OC(=O)C1=C(O)C(Cl)=CC(Cl)=C1O","1"
"(s)-a-amino-omega-caprolactam","NA","NA","NA","NA","NA","NA","NA","0"
"metabolonic lactone sulfate","NA","NA","NA","NA","NA","NA","NA","0"
"vanillic acid glycine","NA","NA","NA","NA","NA","NA","NA","0"
"branched chain 14:0 dicarboxylic acid*","NA","NA","NA","NA","NA","NA","NA","0"
"1-methyl-5-imidazolelactate","NA","NA","NA","NA","NA","NA","NA","0"
"(2 or 3)-decenoate (10:1n7 or n8)","NA","NA","NA","NA","NA","NA","NA","0"
"branched-chain, straight-chain, or cyclopropyl 10:1 fatty acid (1)","NA","NA","NA","NA","NA","NA","NA","0"
"3-bromo-5-chloro-2,6-dihydroxybenzoic acid","3-Bromo-5-chloro-2,6-dihydroxybenzoic acid","HMDB0242162","134581543",NA,NA,NA,"OC(=O)C1=C(O)C(Br)=CC(Cl)=C1O","1"
"branched-chain, straight-chain, or cyclopropyl 12:1 fatty acid","NA","NA","NA","NA","NA","NA","NA","0"
"decadienedioic acid (c10:2-dc)*","NA","NA","NA","NA","NA","NA","NA","0"
"deoxycholic acid 12-sulfate","NA","NA","NA","NA","NA","NA","NA","0"
"glcnac sulfate conjugate of c21h34o2 steroid*","NA","NA","NA","NA","NA","NA","NA","0"
"cis-3,4-methyleneheptanoate","NA","NA","NA","NA","NA","NA","NA","0"
"cis-3,4-methyleneheptanoylcarnitine","NA","NA","NA","NA","NA","NA","NA","0"
"n-acetyl-2-aminoadipate","NA","NA","NA","NA","NA","NA","NA","0"
"4-chlorobenzoic acid","4-Chlorobenzoic acid","HMDB0246393",NA,"30747","C02370",NA,"OC(=O)C1=CC=C(Cl)C=C1","1"
"2,4-di-tert-butylphenol","2,4-Di-tert-butylphenol","HMDB0013816","7311","89188",NA,NA,"CC(C)(C)C1=CC=C(O)C(=C1)C(C)(C)C","1"
"3-hydroxyoctanoylcarnitine (1)","NA","NA","NA","NA","NA","NA","NA","0"
"cis-3,4-methyleneheptanoylglycine","NA","NA","NA","NA","NA","NA","NA","0"
"bilirubin degradation product, c16h18n2o5 (1)*","NA","NA","NA","NA","NA","NA","NA","0"
"bilirubin degradation product, c16h18n2o5 (2)*","NA","NA","NA","NA","NA","NA","NA","0"
"bilirubin degradation product, c17h18n2o4 (1)*","NA","NA","NA","NA","NA","NA","NA","0"
"bilirubin degradation product, c17h18n2o4 (2)*","NA","NA","NA","NA","NA","NA","NA","0"
"bilirubin degradation product, c17h18n2o4 (3)*","NA","NA","NA","NA","NA","NA","NA","0"
"bilirubin degradation product, c17h20n2o5 (1)*","NA","NA","NA","NA","NA","NA","NA","0"
"bilirubin degradation product, c17h20n2o5 (2)*","NA","NA","NA","NA","NA","NA","NA","0"
"tetrahydrocortisol glucuronide","NA","NA","NA","NA","NA","NA","NA","0"
"n,n-dimethyl-pro-pro","NA","NA","NA","NA","NA","NA","NA","0"
"oxindolylalanine","NA","NA","NA","NA","NA","NA","NA","0"
"tetrahydrocortisone glucuronide (5)","NA","NA","NA","NA","NA","NA","NA","0"
